commit_size,test_failure_rate,code_complexity,test_coverage_change,error_pattern_count,warning_count,build_stability,commit_sentiment,dependency_changes,config_changes,hour_of_day,day_of_week,author_failure_rate,label
0.011616722433639893,0.09109271844938426,3.4613828225892624,0.05801723692273323,0.0,1,0.9517446351755041,0.7349941340789683,0.0,0.0,16,0,0.07762904775159479,0
0.9641104278511438,0.9250956120849323,29.17440533850992,-0.41885072963430614,15.0,22,0.1513361183300527,-0.5046437206884475,1.0,1.0,4,3,0.8626738812860716,1
0.07355662654385065,0.035609672589784626,4.129083752823814,0.06005943333606173,0.0,0,0.9688274235780236,0.6152083310586749,0.0,0.0,16,1,0.09969092185893554,0
0.8135946599638808,0.8774932927643514,41.672341533906334,-0.48739478276711534,7.0,18,0.13824210354934835,-0.5427791352563308,1.0,1.0,2,5,0.815996496559351,1
0.8974768883344086,0.9699892991890378,23.013726490429054,-0.42765019022986545,18.0,32,0.2468544061061431,-0.524278680556334,1.0,1.0,20,2,0.880474107908275,1
0.8626532953161221,0.9887556222736738,39.85432185723274,-0.26662951394236356,15.0,31,0.11120046178780003,-0.7776220508989937,1.0,1.0,2,6,0.8428600144645757,1
0.9823451753825552,0.8649218337020323,40.42859874210728,-0.43178478044070967,16.0,40,0.20815150037747127,-0.9451818587324068,1.0,1.0,9,1,0.842854361862052,1
0.12234414924687045,0.03469532018962277,3.9484925357123957,0.09684887775943839,0.0,1,0.9603493096043378,0.5529529022018789,0.0,0.0,13,2,0.011413996930963212,0
0.008155028310952784,0.018656702405130576,0.0319293585841679,0.01163663978854761,0.0,0,0.9030955790919344,0.7113145985068046,0.0,0.0,12,4,0.08420156615067441,0
0.996158761082917,0.8944496997890318,27.31124635713028,-0.46625164142459796,14.0,27,0.239634772142981,-0.532092187944427,1.0,1.0,11,3,0.8648627327751162,1
0.8222975375677565,0.9380246235364016,47.89806782222257,-0.23586566779434898,14.0,23,0.1510464868688567,-0.613099625715483,1.0,1.0,11,2,0.9907841607693444,1
0.0657329090739832,0.09484533069621567,0.610549570050134,0.059304433418678415,0.0,1,0.9651639760477276,0.5526966090539026,0.0,0.0,9,3,0.021817432959327324,0
0.9905033579369198,0.9418003022652759,38.33424569633738,-0.4693106402175909,19.0,10,0.10400919990651294,-0.9905361797442682,1.0,1.0,8,0,0.828942127227304,1
0.912879076067798,0.8671686974078632,37.92897319606701,-0.28969186532670976,9.0,30,0.25787586512071536,-0.6274275950860898,1.0,1.0,18,6,0.9318980116249169,1
0.10366593047274736,0.0743946292572677,2.276100745409006,0.04882411370217782,0.0,0,0.9510432489004232,0.6764792517261783,0.0,0.0,16,1,0.009250043793896379,0
0.9460346906621353,0.8791555359320862,42.398096139326114,-0.36341223735662304,6.0,48,0.1021596784779024,-0.5368600190757964,1.0,1.0,3,0,0.8392965304805837,1
0.8419795259172462,0.9250432250062877,47.306499648999335,-0.23407280371349165,19.0,48,0.2866658838232694,-0.9315088888452361,1.0,1.0,21,5,0.9790133445872429,1
0.8902533228146229,0.9837043205541036,21.663357071115243,-0.14239712083327755,12.0,28,0.10270345433994402,-0.8749587655430291,1.0,1.0,8,0,0.9393014366953778,1
0.11366172066709433,0.018123306616566016,0.7552894589045012,0.01213849394224289,0.0,1,0.9964028847165514,0.5815176684657954,0.0,0.0,9,2,0.001363402390582147,0
0.19078571540051747,0.030137787416414208,3.8829842639587087,0.0733614380561402,0.0,0,0.9203223091086088,0.9000017408818407,0.0,0.0,11,0,0.09767943728275863,0
0.9137104511209224,0.919286790925132,29.098488182135814,-0.4442790645168343,12.0,16,0.12101951004272767,-0.5558954033929255,1.0,1.0,7,6,0.9009478950760703,1
0.15232392306574352,0.036308229639863514,4.404353795994642,0.030552431065802355,0.0,1,0.921789255425499,0.6130626656248359,0.0,0.0,11,0,0.012200741357688906,0
0.06464058640415105,0.04474123668234547,0.3806542974515009,0.023464208185545357,0.0,0,0.9582198746594114,0.970392260251554,0.0,0.0,15,1,0.006100714300539489,0
0.15067563705178832,0.09000186418481051,4.190576448240551,0.014745252670628395,0.0,0,0.9311863857916883,0.9381597165711557,0.0,0.0,15,0,0.019416286904608226,0
0.9624781448372302,0.9034418855387059,37.18281598865261,-0.4491100452251957,12.0,24,0.16535461963100903,-0.5666543258003025,1.0,1.0,11,3,0.91571706971859,1
0.844784917559318,0.8900472573345235,21.385894496048866,-0.3464211964383379,12.0,32,0.2635130659089194,-0.9813235317822225,1.0,1.0,20,0,0.9010056092297534,1
0.9326725068029362,0.9739362646687326,45.76797047974183,-0.3930965259411753,15.0,46,0.11621191277552063,-0.7763931296031075,1.0,1.0,3,2,0.9205615064533519,1
0.8049235967682478,0.8081867888748692,32.236878121146404,-0.10866767692910084,7.0,20,0.10226651864089752,-0.6801123992147888,1.0,1.0,22,3,0.8057993488671896,1
0.08563682966346287,0.038389122137321145,0.6562243884119379,0.0019192276823056687,0.0,0,0.9577279029233131,0.5786366040898576,0.0,0.0,15,3,0.046381424972767996,0
0.1774425485152653,0.012804583895777245,4.955843130684883,0.04281996149256148,0.0,1,0.9121025000485193,0.880503961747696,0.0,0.0,12,1,0.012211151592428793,0
0.8547396915356742,0.883827234888411,38.93148179810662,-0.4559704959275771,10.0,29,0.12465678549048256,-0.5710414638782162,1.0,1.0,20,3,0.925356763410369,1
0.170601891093472,0.06242379959139921,3.0832515726036904,0.013710970572899906,0.0,0,0.9407584208573817,0.9357070170954271,0.0,0.0,15,3,0.03183040946923473,0
0.07784033574683263,0.0817443561738441,4.220852244845986,0.09580734801193802,0.0,0,0.9822179886816423,0.9681403107344633,0.0,0.0,10,2,0.018928364591600945,0
0.887729500049211,0.8703769668694014,47.37815080649331,-0.4433531020053531,17.0,39,0.2040912184278766,-0.9434320311629882,1.0,1.0,9,4,0.8263620746994919,1
0.9632158084686703,0.9610233702632356,47.97044424901132,-0.364555508354947,5.0,10,0.25206233022088476,-0.760240381444323,1.0,1.0,22,5,0.9707259857055914,1
0.8946055006686041,0.8984724607039252,37.06949582912368,-0.4801949481190826,16.0,27,0.2968237767652474,-0.9356263985621435,1.0,1.0,15,2,0.8526492349661089,1
0.10062725171601755,0.006707647738842748,4.335157480612243,0.028590678923916014,0.0,1,0.9629557696891736,0.5463127415256837,0.0,0.0,11,2,0.003808630059931928,0
0.9772576432911435,0.9691334698197542,21.92715727571378,-0.38875513297847863,16.0,40,0.15693755230885434,-0.8074186861137298,1.0,1.0,17,4,0.8835998433840704,1
0.10105047448957144,0.01814354350897973,0.18335713466771486,0.0760990760028094,0.0,1,0.9369813255987177,0.8527304151417432,0.0,0.0,10,0,0.06103774953183277,0
0.8066535942338717,0.8471176456489355,47.34898741125427,-0.4435025207893771,14.0,43,0.12458437599979455,-0.8857642120414881,1.0,1.0,3,0,0.8665636722183344,1
0.945057416870911,0.8488295121013815,41.57901827075341,-0.20909261181902639,18.0,18,0.25435658781366954,-0.5289210414850034,1.0,1.0,6,3,0.8399745949298888,1
0.9954992516417787,0.9411230609568586,25.320540849792287,-0.4590014683243149,19.0,42,0.2721621725373475,-0.8243105166209457,1.0,1.0,17,5,0.9773179192337893,1
0.17942205199051542,0.05812382214226123,4.8443892764284575,0.013516628915482276,0.0,0,0.9194623836704872,0.754445277795528,0.0,0.0,9,2,0.058119542372095656,0
0.9908084530156172,0.902637978341966,30.485684035081942,-0.23423048536292884,11.0,12,0.13760314343925778,-0.5140245773700972,1.0,1.0,20,1,0.9901187931862249,1
0.13442710948117573,0.02837759057987245,0.7930255264653685,0.05538022407123763,0.0,1,0.936459372819754,0.9865390814861664,0.0,0.0,9,3,0.021233397428689127,0
0.17896547008552977,0.05609379715353863,3.993916178868327,0.08842064633484079,0.0,0,0.9293488823208121,0.9800678022027236,0.0,0.0,9,1,0.025938840074319625,0
0.07327236865873835,0.08421189231357087,4.855291225826839,0.010142082844921652,0.0,1,0.9652224259545472,0.7298324352013306,0.0,0.0,15,1,0.026451580398883824,0
0.10454656587639882,0.06675577385210273,1.1024310453508768,0.02741606665598059,0.0,0,0.9678669956672565,0.8937745429293896,0.0,0.0,10,4,0.0045294643613077445,0
0.005070148683091503,0.012466268120326685,2.7379618807686814,0.026504642832500404,0.0,1,0.9050226011463974,0.7995222935751908,0.0,0.0,10,0,0.06761050258143518,0
0.17129796823766447,0.07499604703991779,2.893377042861967,0.08159469389686173,0.0,0,0.9054332034822904,0.8741921748381156,0.0,0.0,10,4,0.06199685648741642,0
0.04837045818009034,0.018704374855752336,3.540860443226408,0.07648098009029955,0.0,1,0.9154145043178488,0.5212111491034459,0.0,0.0,13,3,0.09914535678427921,0
0.058428929707043636,0.09699143978146033,4.621980976882652,0.03516226872396344,0.0,1,0.9487667068621265,0.9034827454419968,0.0,0.0,9,1,0.03046023557741905,0
0.058718368852898675,0.08212573046720129,1.4583128935465162,0.03944762785700354,0.0,1,0.9722706957698228,0.8918799212420536,0.0,0.0,13,3,0.07965085197237085,0
0.8925187094210306,0.8064902153581351,34.80220101240185,-0.2445309455518379,13.0,23,0.12563702205981958,-0.5787715069407933,1.0,1.0,8,0,0.928754121620249,1
0.0022707289534838137,0.051891770528283754,3.447633755157806,0.06425651995351915,0.0,0,0.9120207229120576,0.9293821396747362,0.0,0.0,16,1,0.01135406423262867,0
0.08550820367170993,0.017231987120162984,0.9321913107212726,0.00794193689889866,0.0,1,0.9361919990837865,0.6255006916311501,0.0,0.0,13,2,0.06563858593847673,0
0.805113959817947,0.9737114056498921,34.81937447420564,-0.26668952114436134,16.0,21,0.25713382997556383,-0.9927329323670047,1.0,1.0,6,3,0.8987694029483123,1
0.032325742818922754,0.03366042781939206,0.11061775764498627,0.03118161330852596,0.0,1,0.9557708826250044,0.8571633178674988,0.0,0.0,14,0,0.03258234607704848,0
0.0727259204758588,0.0269243230949381,2.40293288663324,0.09924835021583753,0.0,0,0.9705585862643824,0.9054392905039592,0.0,0.0,13,3,0.09638231608784736,0
0.9353289269639695,0.8309715148157643,42.777169389709854,-0.20174866699179922,5.0,34,0.24278018667931958,-0.8761914564126407,1.0,1.0,2,2,0.8924722894495478,1
0.9688629728304765,0.882881679543699,49.65471453460414,-0.23117898379785523,14.0,28,0.2521213162780124,-0.504053571340179,1.0,1.0,11,1,0.8675939958480958,1
0.009060801954408905,0.09968742518459474,1.8551938149230134,0.019747048985993734,0.0,1,0.9496695422817947,0.5509465504364683,0.0,0.0,15,3,0.029736153130847234,0
0.1394031481990536,0.07624586857406906,1.962467782033424,0.07373570773877997,0.0,0,0.9019116094429764,0.8663495252951402,0.0,0.0,15,1,0.07674988305907054,0
0.93045502217981,0.8960588517582712,45.9868109173603,-0.25050250956496173,6.0,48,0.20560948980075985,-0.5595592881126317,1.0,1.0,19,1,0.883751798096531,1
0.951862171030041,0.9410980049346234,21.58722299811993,-0.47852116856027727,9.0,34,0.1855011407426732,-0.5891753330599638,1.0,1.0,15,3,0.9538339739047175,1
0.8164811943723896,0.9696362996559894,24.116814398506133,-0.13412217586517716,17.0,17,0.24897307169325592,-0.5087105385038977,1.0,1.0,16,0,0.8150187291610629,1
0.9475760830337485,0.9817730812638007,35.43685371044895,-0.2595635330414789,11.0,17,0.16409737953110945,-0.8779679945163743,1.0,1.0,1,0,0.8975753211996119,1
0.8118354143727085,0.8969379033872615,41.49818896880093,-0.29190721579838985,5.0,25,0.23768025814187135,-0.579698188613404,1.0,1.0,10,2,0.829909863711389,1
0.06092275383467414,0.08496473906774116,1.6993748188403308,0.018114934953468033,0.0,1,0.997153269090105,0.9803134877565999,0.0,0.0,13,4,0.024787335872842365,0
0.16719602410244117,0.08698963620621283,2.2615914225915006,0.008217166747642736,0.0,0,0.9402873282632638,0.824252410059344,0.0,0.0,13,3,0.03700245241428159,0
0.013010318597055905,0.09966368370739054,1.1500441864385151,0.07161506742231936,0.0,0,0.9472493355006514,0.9905962645820579,0.0,0.0,13,4,0.07311573444549173,0
0.9429391350471469,0.9778024380221919,29.071872209117668,-0.3345068409678681,18.0,24,0.1466089256533745,-0.6786131691908537,1.0,1.0,22,0,0.8031286590614869,1
0.05696809887549353,0.011976213181925122,1.3351413508471066,0.008912443211601662,0.0,1,0.9890097035183808,0.5757975374000497,0.0,0.0,16,4,0.0005404923672669871,0
0.04879792867581672,0.08418287767582722,3.1926297383204276,0.0062291798130062696,0.0,1,0.9869969159647685,0.5125967069796147,0.0,0.0,9,2,0.00920987541995898,0
0.08968910439566397,0.04361265291353167,4.683028461474807,0.07220709382027371,0.0,0,0.9295301477571833,0.7455478646915825,0.0,0.0,11,2,0.05035469815118862,0
0.15230212634349446,0.08349302367992992,2.5779801428962514,0.05614845879595237,0.0,1,0.9835480225742195,0.6445937231479749,0.0,0.0,14,3,0.078774218830237,0
0.05888977841391714,0.011689804070836408,3.9826864548808816,0.05353101314525917,0.0,0,0.9827518922106303,0.836351497104449,0.0,0.0,12,0,0.048903577530762,0
0.8612094332457543,0.8204734169166419,42.59356541539022,-0.4197148628344831,17.0,13,0.11009111412402475,-0.6837638987942614,1.0,1.0,2,6,0.8167608318190122,1
0.1589622607083297,0.016426579793099295,4.470496018395672,0.030625362078661168,0.0,0,0.9275767568251357,0.7188306640741018,0.0,0.0,14,3,0.05531119710583715,0
0.9745251770971792,0.8810216109175714,20.146052229665095,-0.18623773375663993,15.0,26,0.19762088942027553,-0.7335617826516263,1.0,1.0,21,1,0.9883982893767743,1
0.9955179920690087,0.889054804952941,47.63431640542525,-0.40357426165730537,9.0,21,0.29855419730254673,-0.6690608059776544,1.0,1.0,4,0,0.9142679056906154,1
0.894503088563917,0.8287089511887537,41.0624770065349,-0.2417616509000765,16.0,10,0.129726643115577,-0.6030521724027416,1.0,1.0,23,5,0.9707896926029087,1
0.87265455927978,0.8509497414673438,37.387901822380215,-0.3222236169314005,13.0,23,0.2685899986278214,-0.7774466681410029,1.0,1.0,12,5,0.806099309570551,1
0.11817858863764837,0.028509516869384712,1.435190665874564,0.08174497084911916,0.0,1,0.9387986759946869,0.6514654528202146,0.0,0.0,14,4,0.048271347307693446,0
0.13270035382161116,0.08098744458546349,2.229513531883742,0.02160381825095996,0.0,1,0.9626234321421064,0.9308454518936726,0.0,0.0,11,4,0.09027055104453563,0
0.9261434888983858,0.9971536499171483,23.570639134794234,-0.4585453094076818,13.0,18,0.1086340581725883,-0.5012087035270139,1.0,1.0,15,4,0.8429489004816715,1
0.9706658433117575,0.9094649368678972,35.42070109629529,-0.15388217631959017,11.0,19,0.11434634756298168,-0.8850968292886674,1.0,1.0,1,6,0.9107456462796722,1
0.05304047353634509,0.05744731131799119,2.0986365846306114,0.06921613416941319,0.0,1,0.9533386628765362,0.6921775192620674,0.0,0.0,14,0,0.014821746209932464,0
0.817630431627329,0.8804746101444936,28.513938291246475,-0.2978585327048695,14.0,45,0.23399398481933134,-0.8408239889319946,1.0,1.0,21,4,0.9787069166996873,1
0.8303772344673261,0.8510706700457803,44.751059574284,-0.30099342925022654,11.0,20,0.1735701389214917,-0.5626971027484171,1.0,1.0,17,5,0.9298161204037769,1
0.9399193066047057,0.9220392017971669,39.31159418974838,-0.1776944326826675,14.0,32,0.1543415037708186,-0.7200723099827614,1.0,1.0,14,4,0.9202165330786432,1
0.019566832130200298,0.06322642879195305,0.15326251102903032,0.022461561184385193,0.0,0,0.971395263250659,0.6265507695898044,0.0,0.0,15,2,0.07304924774822995,0
0.007469637749842883,0.058622983201679725,0.6635787702153018,0.07374337687214856,0.0,1,0.9766115932795586,0.9853382727048721,0.0,0.0,13,1,0.015391950978290504,0
0.8998397893682664,0.9282049715270709,34.38875290233374,-0.20794792488943004,8.0,42,0.14475567725419525,-0.7224201351049226,1.0,1.0,0,3,0.9166037294888273,1
0.1754678706761962,0.0668643219924431,4.660140527550087,0.0822480563634361,0.0,0,0.9288405437818746,0.7722484795519325,0.0,0.0,13,0,0.08398203522034885,0
0.1829728780440897,0.07476093801762511,3.85460922322026,0.07693048936413399,0.0,1,0.9761798191377697,0.7763535378592726,0.0,0.0,12,3,0.04047250638296587,0
0.07403174005108888,0.05027203900924792,4.223916140584438,0.0011031264428647215,0.0,0,0.9386540506823028,0.6982768409949816,0.0,0.0,15,3,0.008764983619465328,0
0.9635246756608973,0.9257745793976351,25.900016971709217,-0.3065236707412824,18.0,12,0.13521652660634326,-0.7960586949015085,1.0,1.0,23,2,0.8504363963638539,1
0.10326006966023907,0.09343670147690149,3.570434660662139,0.06613706110704144,0.0,1,0.9522576599336745,0.8018186002796875,0.0,0.0,11,3,0.09751799759755084,0
0.863809014866448,0.916783857852227,33.4780447539691,-0.41478587206269435,5.0,14,0.1561055643710802,-0.7153593085247378,1.0,1.0,1,1,0.8991638945297078,1
0.985241040376869,0.8530417073993659,40.14980692993696,-0.20854519107324038,18.0,47,0.1891277601644324,-0.6759841713345691,1.0,1.0,18,5,0.9561043605514044,1
0.8894402064432876,0.8715509526587428,37.46712346407759,-0.15140458329704465,6.0,28,0.10160162813475658,-0.8647391099140767,1.0,1.0,15,1,0.9080058384521376,1
0.9843026783814836,0.972159787383099,21.71283013723831,-0.17163231455479988,17.0,19,0.18804434525123304,-0.7771106262202648,1.0,1.0,9,2,0.9620865827146341,1
0.03542213588140979,0.03769444294249076,0.9276275785156057,0.041412975252892704,0.0,0,0.9375329907919602,0.9313202355745895,0.0,0.0,14,1,0.008103861046505678,0
0.027898772130408367,0.03808908566310215,1.4867450368627537,0.09344360268055144,0.0,0,0.9384511327644812,0.637351907523946,0.0,0.0,10,3,0.09482515377900794,0
0.9175394036575092,0.9382832115026304,31.426710878739875,-0.2963368137749589,19.0,21,0.15156217480466752,-0.8144469544502305,1.0,1.0,16,0,0.9778238711454885,1
0.02897897441824462,0.058684111802087914,3.487357308346418,0.02631125699108429,0.0,0,0.9409628894895232,0.5000058173776831,0.0,0.0,15,2,0.06611406784286965,0
0.0564069145142613,0.06527461078518747,3.8673656284330034,0.0009331619827093297,0.0,0,0.9966047505128677,0.8714407468339695,0.0,0.0,11,4,0.06033341962120348,0
0.10284688768272232,0.027340707193070624,4.222746992675352,0.030728996492628658,0.0,0,0.9506266059495203,0.582874889910078,0.0,0.0,14,1,0.09269163463311081,0
0.9492725768626483,0.8266688934632741,34.07179233170357,-0.39282289995726083,7.0,30,0.13082950486726683,-0.9085323393578937,1.0,1.0,10,2,0.9863888279308745,1
0.09090821295355465,0.010659825313377181,2.722445489804248,0.04581868867378927,0.0,1,0.9057844449447161,0.6226761570831055,0.0,0.0,16,2,0.005541588844224444,0
0.18437484700462337,0.04034828662123971,1.7535590772585508,0.021204483990822667,0.0,0,0.9397015041237192,0.9886539539957518,0.0,0.0,12,3,0.00899162448597023,0
0.8956317847111689,0.9911686294350328,41.5211832218892,-0.4404765141927296,6.0,45,0.1552477883246287,-0.5044717456304565,1.0,1.0,6,1,0.9321947641299352,1
0.8747894268958135,0.891363560911227,22.910546547112684,-0.36849594897822,5.0,39,0.2529287145228224,-0.5202028974861297,1.0,1.0,16,6,0.9390459311495472,1
0.18165317719333074,0.00869202880874237,3.541814883575174,0.0036160380524762115,0.0,1,0.9340604166581292,0.5639334006112088,0.0,0.0,13,2,0.09430618974069715,0
0.04558703250838834,0.0618254771530296,3.2762099031951086,0.017530294235765964,0.0,1,0.9672966622394432,0.8901827515034408,0.0,0.0,11,4,0.06031921656146675,0
0.09373212839882526,0.004696596677505505,3.3825669288862326,0.042124805329407204,0.0,0,0.9265582832958607,0.8741779268328699,0.0,0.0,10,2,0.09175430096537447,0
0.9199935716522132,0.9370349026555561,48.12984381849776,-0.3025825361642188,9.0,19,0.11593078552408459,-0.736082981219363,1.0,1.0,15,3,0.9886714597419763,1
0.01943529875415371,0.07885972112245308,2.909857009571994,0.0547959488973693,0.0,0,0.9893090205195415,0.5259178995598646,0.0,0.0,12,0,0.025674349630975802,0
0.9935485649667432,0.8479291569915114,22.079233191148845,-0.25744555320677887,7.0,34,0.2918224583992588,-0.7054218113031059,1.0,1.0,23,2,0.9865291434682335,1
0.07763398524130438,0.07755276166950106,4.561816728083455,0.07764474464997247,0.0,1,0.9839338492356002,0.8188441234479678,0.0,0.0,9,0,0.052997034102142064,0
0.03258688541628594,0.08980542894407138,3.6262883020756824,0.0846514338690278,0.0,1,0.9317586795261117,0.7170104863543794,0.0,0.0,11,3,0.02149165313867192,0
0.08638900372842316,0.09872761293149446,4.577441487940209,0.02434822965762993,0.0,0,0.9237433468374806,0.7503017855773537,0.0,0.0,9,2,0.0076807441069281284,0
0.8900564967663052,0.8111413672230491,40.69373741938598,-0.11799083215533257,6.0,22,0.15072312552771283,-0.5894608190008794,1.0,1.0,12,1,0.8809821628539688,1
0.09165057809830333,0.05243902693275801,3.114832917817414,0.017742876946970687,0.0,0,0.9246823869201902,0.8570263616890634,0.0,0.0,13,0,0.05927709408701848,0
0.1345036912154077,0.07636057941597608,2.2609951414171765,0.03915256981778294,0.0,0,0.9738597458132331,0.8822203640377522,0.0,0.0,9,4,0.09353781613071173,0
0.8265856085415966,0.877566853914219,33.920012845892785,-0.12618390175125593,5.0,37,0.2744322303939013,-0.7814139752199114,1.0,1.0,7,2,0.946490925826746,1
0.8971293730668555,0.8580088056355973,30.557893121953303,-0.3185708761539301,6.0,14,0.10971254465913234,-0.6060345307811166,1.0,1.0,19,4,0.8730167346568802,1
0.8856367879734346,0.9583871245927529,28.25510337464204,-0.40497599417289204,17.0,10,0.29362244728122333,-0.9187421776214424,1.0,1.0,23,2,0.8008719159913161,1
0.11087081050228015,0.03463459943659613,0.9105895784434964,0.004195122343163627,0.0,0,0.9978981115174809,0.9733668644616977,0.0,0.0,11,0,0.010633729734822718,0
0.8937579761013582,0.9904191303305847,44.275844109702234,-0.27339273376486795,19.0,41,0.12398437178542604,-0.6733552295493187,1.0,1.0,0,3,0.9648188980968748,1
0.11673122237017441,0.09173135754622429,3.0974517300480726,0.09566146210834581,0.0,0,0.9578298399420361,0.7500563760383134,0.0,0.0,16,1,0.016950409186605866,0
0.8564735838085313,0.8533544127247848,45.5938451573071,-0.4166889299385817,15.0,43,0.1057141835448021,-0.9386859750109967,1.0,1.0,10,5,0.9674438285917397,1
0.9742503254797306,0.97019037988136,23.284729176633864,-0.2868611470866961,13.0,38,0.16820403445120677,-0.8040161298627685,1.0,1.0,6,1,0.9656086571548504,1
0.06459129458824919,0.09255685129067764,4.008640415348959,0.018519556786746796,0.0,1,0.9299565677953874,0.5384897335324832,0.0,0.0,13,0,0.08332043565966744,0
0.016269756128379952,0.05765164755142536,3.3671621666245866,0.007705827913433117,0.0,1,0.9404289747254869,0.8946464241598429,0.0,0.0,10,2,0.07422935381702628,0
0.10593011567120131,0.0769492933191937,1.5048178347340813,0.06062529377509775,0.0,1,0.9541407607347585,0.9761108928487974,0.0,0.0,10,0,0.08515943193042191,0
0.9867731885692498,0.9694538819925448,22.12374308033523,-0.3199743318336967,13.0,40,0.2945253208865105,-0.7066768361125375,1.0,1.0,19,6,0.9153918300241959,1
0.03128740853421721,0.0054761638822031335,0.4081499101529479,0.06246635688542638,0.0,1,0.9803482743296885,0.6254465228455512,0.0,0.0,15,4,0.05797311661341921,0
0.9390374932420131,0.9242372644388166,38.63679591440502,-0.2968991392549343,13.0,19,0.21073556670788668,-0.9372379093860621,1.0,1.0,9,4,0.9113624286281481,1
0.0024308949379632685,0.06636711653626481,2.8350813049333388,0.0024191763891355245,0.0,1,0.989856060467484,0.7574666749566297,0.0,0.0,16,1,0.07567580902469284,0
0.17800106836351326,0.06939484444671,3.0907786715905954,0.0038426348962325,0.0,1,0.9676821298857395,0.5994960694797185,0.0,0.0,14,0,0.09754730283140219,0
0.1501742135582995,0.0013001923510736037,3.0857249330201504,0.035538456868573945,0.0,0,0.9432729136019705,0.8936935133761664,0.0,0.0,11,2,0.0012907227980991976,0
0.8231646164473589,0.9576401859733412,33.4903093155116,-0.15271876968840842,19.0,25,0.22071715753164112,-0.6863017223420769,1.0,1.0,2,6,0.9901184026151877,1
0.8874103043684376,0.8380673950190095,49.59462204715189,-0.28667665501650363,13.0,41,0.106589573649106,-0.7553850498976935,1.0,1.0,8,2,0.9766699402044208,1
0.18858194078250384,0.010717201133977606,3.4162938182979796,0.09271778194794528,0.0,0,0.9318866818321139,0.5345037963064081,0.0,0.0,12,1,0.05116385825190141,0
0.8413162032443562,0.9095035768119989,49.43134586763397,-0.1331692882120747,13.0,18,0.26509166515925703,-0.8113061875126119,1.0,1.0,5,0,0.8747132572078161,1
0.11077085688026417,0.005142581348425036,3.811425673883079,0.04296568127389351,0.0,1,0.92282353634937,0.6771356636086079,0.0,0.0,13,0,0.09280517502288482,0
0.10052741862103842,0.08145747202313822,1.149773029455431,0.06238958362916385,0.0,0,0.9877090581018189,0.6174867024979764,0.0,0.0,13,3,0.08122581209903419,0
0.8637379207981047,0.9360768827525044,21.581592990035034,-0.2660276424085113,15.0,34,0.24618560718660668,-0.6393563655130867,1.0,1.0,21,5,0.8115576394039729,1
0.008631982390115223,0.07325720972102504,4.39257780650674,0.02730708099728124,0.0,0,0.9780376123570981,0.5417771687553449,0.0,0.0,16,2,0.01660748523335137,0
0.8388547142003603,0.9460003442161723,23.834355330811483,-0.2269602880874778,16.0,16,0.20883662979536033,-0.9908141727309479,1.0,1.0,19,1,0.9055544418137754,1
0.9687510087974587,0.8598464008602121,40.6156998940603,-0.16174316335023142,16.0,11,0.15660012708581555,-0.5876868235995536,1.0,1.0,15,2,0.9507332275819163,1
0.1670604991178476,0.015285913918433203,4.0898351205953105,0.08514249577450958,0.0,0,0.9964017407117702,0.8315235959017112,0.0,0.0,12,1,0.0027843907577413396,0
0.8989042250240816,0.9857193763061277,21.162708066625473,-0.39572993690376257,12.0,45,0.28099237603398275,-0.6175605849557657,1.0,1.0,16,4,0.9984031938793672,1
0.9756831726089923,0.9647291189506182,21.895492905806794,-0.35600303248837684,13.0,48,0.16169384251653726,-0.8703923331140068,1.0,1.0,10,1,0.8582587494411011,1
0.8720750984726342,0.8049529755152303,39.29313057853551,-0.31869301569799147,11.0,24,0.2773230977978711,-0.9365780365537014,1.0,1.0,8,6,0.8782908541588943,1
0.905512729799884,0.9254935797532146,37.217874083689466,-0.4203954822339247,10.0,38,0.26593913688341275,-0.6350033876775182,1.0,1.0,10,0,0.9108645196167311,1
0.1264611661187159,0.09865152487929797,0.644349337367226,0.05156794276964978,0.0,1,0.9140552967578361,0.5007369110431557,0.0,0.0,12,0,0.01834524011502293,0
0.04316420549936864,0.0565133183589209,0.5228392016720013,0.0072084335998673366,0.0,1,0.940754303103243,0.6732620839763591,0.0,0.0,9,0,0.09077354331775128,0
0.9724152285153194,0.8236476784944281,32.70446027747998,-0.3482866433089822,10.0,17,0.15966754871749975,-0.6945699582415747,1.0,1.0,17,2,0.9156459572339027,1
0.013872260175033091,0.09461154621336328,1.1877166246193882,0.07259799099852955,0.0,1,0.9313347917585143,0.6072032414965822,0.0,0.0,13,4,0.061440000743132384,0
0.8414114166766066,0.8262824765710537,44.95173893915269,-0.16038249632856127,16.0,23,0.14768543579069673,-0.8643059058816176,1.0,1.0,20,5,0.8858645531408391,1
0.8182617605089341,0.8712186170332844,39.574278665216966,-0.1949863848897861,14.0,32,0.16369039336116087,-0.9449139398731834,1.0,1.0,19,4,0.9791624202797158,1
0.9445569201243043,0.8564627668421441,30.976978958534225,-0.29953490741700384,15.0,13,0.26826794380120966,-0.7437080484337448,1.0,1.0,1,3,0.8207549417269482,1
0.8362451122099419,0.916684303803687,20.22175704332879,-0.45135789626077716,18.0,31,0.16254822323768003,-0.5796836775904374,1.0,1.0,19,5,0.8179651505144169,1
0.03410482473745831,0.09997176732861307,2.981349392410265,0.06103337833109184,0.0,0,0.9361853093205139,0.9218248320259119,0.0,0.0,11,2,0.08579550909150573,0
0.15090857481693648,0.008550853085446808,3.533886084427229,0.07837917844853973,0.0,0,0.9457699605159294,0.7271727115338276,0.0,0.0,16,1,0.02266906520749237,0
0.17944315159066537,0.04254364386164168,2.9108523008813663,0.050256607646344244,0.0,0,0.9541704812410005,0.800776939649912,0.0,0.0,11,4,0.0784769681824988,0
0.12457809516380006,0.06966508238768923,3.1821512477181835,0.0071256727765258605,0.0,0,0.9407106489125627,0.6988061892764352,0.0,0.0,14,3,0.09965656562889824,0
0.802215710518862,0.9062713663505391,22.744625551623763,-0.22432743582899334,16.0,46,0.1653786526111213,-0.9747015731617091,1.0,1.0,18,6,0.9219416391073519,1
0.1381875476204932,0.011203890216805235,3.899226975755718,0.008091928305125218,0.0,0,0.9116138960200526,0.9033467598473697,0.0,0.0,11,3,0.03978841755570231,0
0.8587069584917322,0.9456024515592395,46.98237566501976,-0.3101822599365775,9.0,43,0.2468619977966215,-0.6443670876447735,1.0,1.0,22,4,0.9023072388469584,1
0.14264895744459902,0.06408747448032147,3.2482332449618423,0.09912559937021884,0.0,0,0.9071007664533256,0.8771324866735113,0.0,0.0,12,0,0.0875118044558047,0
0.9719359170160666,0.9689941707280203,40.608243050105315,-0.23094226258928396,7.0,28,0.22608352367627085,-0.5996680292373444,1.0,1.0,23,3,0.9218890594654557,1
0.9650422742519262,0.9307573502248924,40.008079556117195,-0.42440573601153,17.0,31,0.28588151321404137,-0.5553406200358402,1.0,1.0,13,4,0.9449741707159761,1
0.1559751091715248,0.048114010185481754,0.6504312006531598,0.054952953589501696,0.0,0,0.9342447978834714,0.966462431284836,0.0,0.0,13,2,0.07563342695828867,0
0.8868104352161914,0.9611204437540477,39.33455184561782,-0.17451589169707682,11.0,46,0.12265395061293716,-0.9052549270501979,1.0,1.0,20,2,0.834714428830288,1
0.07067044560521056,0.009158207332663416,3.3410639927750814,0.06569551562671395,0.0,0,0.9781321855747305,0.5858469538527248,0.0,0.0,16,0,0.04904085191855132,0
0.8168510754835943,0.9721335643577771,48.43388198043371,-0.24465997394770767,8.0,48,0.2713224672449852,-0.800200744189566,1.0,1.0,19,0,0.9141706051088626,1
0.0028786977259511737,0.014085702037979986,1.1422737066564936,0.05824226582072465,0.0,0,0.9503083950779836,0.6013163170676716,0.0,0.0,15,4,1.865281706631139e-05,0
0.02157828539866089,0.004086861626647886,1.7506262958336505,0.08941908746641183,0.0,1,0.9010131184027743,0.6792892307624365,0.0,0.0,14,0,0.008202368521147085,0
0.06360069499437278,0.0370472102791382,4.310638086327253,0.056229681587790986,0.0,1,0.9692492826669226,0.9462791137432373,0.0,0.0,10,2,0.01291744452431104,0
0.022010384905535352,0.048452298519102134,4.04758037362439,0.09576252845053802,0.0,1,0.9429931077390148,0.7097239969786568,0.0,0.0,15,4,0.009954651280877514,0
0.06287119621526534,0.01770104842767468,4.4189294248171285,0.022665640222698805,0.0,0,0.9612573468344819,0.5957964728674129,0.0,0.0,16,3,0.003002133214907188,0
0.8391511212811249,0.9031353102154146,20.062295528002437,-0.17274176754887943,7.0,37,0.10928057720302514,-0.8935528726700033,1.0,1.0,6,3,0.8461277280428529,1
0.0170694929987536,0.09224993811772958,3.5323786324345057,0.0012108475234887451,0.0,1,0.9066009844140241,0.6321381315793196,0.0,0.0,13,4,0.07004317991565039,0
0.8483676390830707,0.979145271103023,30.551603340369567,-0.25381943184623756,12.0,46,0.24423185364277544,-0.8750731019608352,1.0,1.0,12,4,0.8338207800841303,1
0.023413403285521175,0.02578876854332023,4.339591472600111,0.006485359448296835,0.0,0,0.9515861902712328,0.842567154937242,0.0,0.0,16,3,0.08196095530657999,0
0.12191286679597937,0.05935924535540487,3.9871301080346404,0.012771348363523484,0.0,0,0.9154459747223324,0.7695472763680044,0.0,0.0,10,1,0.03781007697874508,0
0.8041516064247929,0.8223869156269579,26.396117941674053,-0.49131996188978333,14.0,17,0.19172997961621518,-0.9605097003168841,1.0,1.0,0,4,0.8276464173570675,1
0.1231700196104433,0.04146241237270237,2.1274666722403768,0.024069271183250498,0.0,1,0.9775346150403136,0.8362302490125144,0.0,0.0,12,3,0.011120874733821874,0
0.8146007185799256,0.9594788715815558,23.083047279493453,-0.33220740596407206,19.0,21,0.10484120888450597,-0.527516468179962,1.0,1.0,9,0,0.9743091361416253,1
0.18977710745066667,0.05554317056026275,0.602834428886394,0.027262400073353378,0.0,1,0.9045648745502384,0.8965714369983697,0.0,0.0,11,0,0.09467560351737032,0
0.02062477376718652,0.020788625514602734,0.8352095395047493,0.055422651413201664,0.0,1,0.9208882724005164,0.815123609728079,0.0,0.0,11,1,0.056689279624953605,0
0.18593953046851464,0.06279003894909078,1.1190880741131153,0.05329577865513353,0.0,1,0.9295040707654156,0.9752295852876478,0.0,0.0,16,4,0.07680054353132097,0
0.9062218992675055,0.82584476002055,48.36484581678501,-0.1321460367887703,12.0,49,0.27674667776627737,-0.9538270805272839,1.0,1.0,12,2,0.8396745079695402,1
0.005083825348819038,0.01922890188086708,3.8979223678337664,0.008565824959643054,0.0,1,0.9593660791208538,0.7820370144167589,0.0,0.0,13,4,0.053515233368035035,0
0.803789080674871,0.8273690333172714,45.74620372931089,-0.47782680442350645,17.0,14,0.1840666618863685,-0.9920732273132165,1.0,1.0,22,4,0.8483855456238474,1
0.1005358046457723,0.06791023191444896,3.2922591732921274,0.08260676302525284,0.0,0,0.9025447759905751,0.6412362131850018,0.0,0.0,10,1,0.014339537001089253,0
0.15156922209287382,0.04524395161326934,3.5960088913613193,0.060188158963632214,0.0,0,0.9888659080265398,0.9414969124148865,0.0,0.0,14,4,0.09858053208502059,0
0.9823029451731702,0.8198459192189294,26.243181037891183,-0.4640711482297581,10.0,44,0.13901094444727266,-0.5807253964876035,1.0,1.0,6,1,0.9192949155087905,1
0.18493872365571257,0.017088758739006584,3.1631094656697405,0.0640972077345332,0.0,0,0.9984013163210465,0.539227908158562,0.0,0.0,13,0,0.05466963282963399,0
0.1972002127645742,0.013688563006880728,3.4631297611308227,0.04401989979554906,0.0,1,0.9677542267458953,0.9705604062668367,0.0,0.0,11,4,0.027061999469359665,0
0.8243390613453345,0.947748701923186,34.986450056140136,-0.3812417302927828,10.0,45,0.2635701326829665,-0.912694541508869,1.0,1.0,4,0,0.9373300846708075,1
0.8591495125190042,0.9064445749712388,22.558050248350323,-0.32099884412019675,6.0,37,0.230520403043088,-0.7386346609715727,1.0,1.0,3,4,0.8406141185840125,1
0.9469417140530052,0.9140363263509388,20.86403541639556,-0.2458288317188112,16.0,32,0.1340518304250872,-0.6957084226800458,1.0,1.0,19,5,0.8831572124138366,1
0.0994497011784771,0.021144800699654465,3.390080762795318,0.05209579772720422,0.0,1,0.9430529338462208,0.8855614079259433,0.0,0.0,9,0,0.09439282834764579,0
0.024407646968955768,0.09540510272587224,2.697456461876686,0.07090462617224327,0.0,1,0.9610780071075768,0.8558614028730244,0.0,0.0,12,0,0.000625747102647023,0
0.9806496210190261,0.9033255183708551,42.10479367254512,-0.37138679646466366,11.0,17,0.26340009669952613,-0.7114141866880019,1.0,1.0,15,3,0.8280089624268459,1
0.19435641654419214,0.03772841631046227,2.962038923297588,0.09270009679242953,0.0,1,0.9688405018492137,0.917912963955258,0.0,0.0,16,4,0.013508014622576071,0
0.8398690978942367,0.9689595162376292,28.729981686939894,-0.10326728301454785,5.0,14,0.13914920590963306,-0.8654738856289186,1.0,1.0,21,1,0.8541818446493743,1
0.17851179969799558,0.08062012797930614,1.3280002129435302,0.055778341737002496,0.0,1,0.9343167353172659,0.6412480329864261,0.0,0.0,11,2,0.064486122281498,0
0.009045457782107613,0.07551372556736191,2.3993781015195443,0.08398613028667204,0.0,0,0.9113838393476602,0.738450053233985,0.0,0.0,9,0,0.06264570196769272,0
0.12840632923085757,0.05325894325515859,3.791315979645113,0.096582216115322,0.0,1,0.9270247692130783,0.9137531599366107,0.0,0.0,11,2,0.008166727586009627,0
0.8713142651901639,0.8126212738231093,22.753328194135275,-0.18862863728744,8.0,44,0.1877369405799587,-0.9112952649394088,1.0,1.0,20,4,0.8248690634884822,1
0.8144553895146354,0.9413912636986845,47.13358434687481,-0.1667233360858184,18.0,44,0.26615347771895215,-0.7332607620468536,1.0,1.0,22,3,0.8063769590417185,1
0.9147701195950053,0.9479735653200807,28.938647939505962,-0.4522204464142857,15.0,43,0.1140202960534884,-0.6369052580689474,1.0,1.0,8,3,0.8874563296489235,1
0.04471916770389053,0.056640464029689724,4.353767251686296,0.033451128874193214,0.0,0,0.98470608269839,0.8593698089267652,0.0,0.0,10,0,0.09840315142791302,0
0.0749080237694725,0.06981617140197452,0.9256646441930982,0.05190817851362181,0.0,1,0.9093857284823357,0.6940828530634977,0.0,0.0,16,0,0.01980955167202896,0
0.9249327948567434,0.8887126690997006,40.56955247795598,-0.49577934527363976,16.0,28,0.10367619795504841,-0.8004453247126354,1.0,1.0,18,1,0.9420419696632529,1
0.9705852767709162,0.988474287893683,28.314330556200794,-0.16990053333912764,10.0,30,0.1425453932260546,-0.5194408659891798,1.0,1.0,17,6,0.9419609426544744,1
0.10974675787331722,0.07602278598896867,2.1309065111798646,0.015202485312864812,0.0,0,0.9993848388899698,0.597620301478246,0.0,0.0,9,4,0.012627113710773186,0
0.8354254288396509,0.9812467038870277,46.08849373196785,-0.4220013049915921,11.0,23,0.2762008169629415,-0.6807724646739282,1.0,1.0,14,4,0.9028161391238546,1
0.12728208225275608,0.027859033903195864,4.845513150704057,0.03233715621155208,0.0,1,0.9913286947576236,0.6201994564467534,0.0,0.0,12,1,0.09897564134093347,0
0.018241220609738075,0.08945522268940914,0.20786429525196048,0.061958933745984074,0.0,0,0.9713206883282618,0.5797461312706791,0.0,0.0,11,1,0.02473997470583458,0
0.9237220578187878,0.8225686374367244,33.331868553532416,-0.16232564167036734,10.0,28,0.14240896987659488,-0.8520886407090684,1.0,1.0,13,0,0.9033093020778524,1
0.12636744243395986,0.05520471808519803,2.65584764000516,0.04486106309545426,0.0,1,0.9607752122252723,0.5280880386737195,0.0,0.0,9,3,0.02644718166671908,0
0.11686286238462006,0.07281887562036034,1.6229291495013514,0.013347997241594379,0.0,0,0.9942724319094112,0.6955164345636993,0.0,0.0,12,2,0.07659715748551792,0
0.8826214795454289,0.9025725758753983,23.920178912397873,-0.29665780497416305,6.0,17,0.10732593951976388,-0.611397876324574,1.0,1.0,20,6,0.8571253199367155,1
0.09483476581746504,0.058058835027804345,0.3609920448958792,0.09280836403260498,0.0,1,0.9241931680315529,0.7914630284021316,0.0,0.0,14,0,0.04149604360796805,0
0.8831028126124132,0.8413987202490116,28.893346632324594,-0.25688862455724515,8.0,31,0.2640938032721707,-0.5940454425200477,1.0,1.0,5,4,0.9464475828184575,1
0.9074082629483948,0.9922829080847277,22.30387052860202,-0.3788219328439664,7.0,24,0.2823643187273486,-0.9758377955723015,1.0,1.0,23,2,0.9034300724567754,1
0.8953052941664474,0.9019312901607521,32.56787671812257,-0.3548536732019586,6.0,34,0.2921429503339634,-0.5001293638709536,1.0,1.0,6,6,0.8142049135298653,1
0.8061861762787133,0.8238213071753433,24.90661383590562,-0.1262319132629945,18.0,42,0.19991329267518654,-0.850493660195327,1.0,1.0,9,6,0.8273933269088473,1
0.1815132947852186,0.012063587110060081,4.974539113232177,0.006942384274609337,0.0,0,0.9723973055466094,0.5509018414747684,0.0,0.0,11,0,0.050461902460769564,0
0.9505697311764413,0.8677889550696898,27.10548411789639,-0.2987283331794621,9.0,36,0.23677534823266125,-0.7920051960123792,1.0,1.0,2,6,0.8104552744544412,1
0.16360295318449863,0.04625347161331479,0.4349337995570507,0.02009336886590565,0.0,1,0.9306313498778213,0.7487699260730512,0.0,0.0,11,0,0.02535841169963692,0
0.948947345565842,0.8618825589740889,32.93631454592987,-0.1387237237108857,15.0,28,0.19433263655703203,-0.9768690413300001,1.0,1.0,20,3,0.8252740283894011,1
0.022694704248117814,0.025790282704493985,1.7093608301934304,0.09756102008599149,0.0,0,0.9826707359741488,0.8305071271236601,0.0,0.0,10,3,0.03627536003991521,0
0.18051058133591336,0.0026532203873819715,0.8380960814415883,0.0005229613542912737,0.0,0,0.9368707170864795,0.6241918043716037,0.0,0.0,13,3,0.035154226004969806,0
0.9962483194910925,0.8505060779272889,29.669744734082748,-0.1445013932744748,7.0,44,0.10107970843673549,-0.7702488667148413,1.0,1.0,22,4,0.9861615344689524,1
0.9342812145287474,0.8181118935201841,24.365519011622748,-0.39723428612308265,18.0,45,0.197661928565169,-0.7992291309973587,1.0,1.0,11,0,0.88183932875713,1
0.8723294189682089,0.8572947475489168,38.63318974730609,-0.20598954035796047,6.0,46,0.22220468230838492,-0.6643892218268412,1.0,1.0,9,4,0.8253090622392755,1
0.16529149322154835,0.05830415609696922,3.6820100753282023,0.003531135494023907,0.0,0,0.9052355020187473,0.7138006668516687,0.0,0.0,11,0,0.0024110193408666825,0
0.06507993963185355,0.08306194077877292,0.4119052280792135,0.005778056099636664,0.0,1,0.9395137743264319,0.863528380807695,0.0,0.0,10,2,0.0894265118256414,0
0.018734953565618495,0.00664962673667775,2.1616740052130097,0.030327514756759558,0.0,0,0.9909454610937242,0.8931028261305289,0.0,0.0,16,3,0.03227265727266384,0
0.9178040181961823,0.9021941486090125,25.280742651234014,-0.27302271679070816,12.0,39,0.11395989697894995,-0.9272162450833821,1.0,1.0,16,5,0.8039221064948507,1
0.8013629395800257,0.878652297019843,40.986027728465714,-0.226669454948908,8.0,19,0.1338249725288356,-0.5392903325618361,1.0,1.0,4,2,0.8068351178082175,1
0.07525191710618316,0.08738900775625152,4.723071097370116,0.032819275360931155,0.0,1,0.9773991378152762,0.5512839812917949,0.0,0.0,12,2,0.0474434893620735,0
0.019534422801276777,0.024734810174319766,3.6238338576438074,0.06811178539649829,0.0,1,0.9331347007103051,0.5984628522267141,0.0,0.0,11,3,0.0697716307553293,0
0.03974313630683449,0.07836530127411431,1.1680387552495497,0.016801420774486344,0.0,0,0.9714032644466857,0.6143383898018044,0.0,0.0,14,1,0.029639200687528344,0
0.9742630494493707,0.8339518402785654,30.01707414579662,-0.2887727676271684,15.0,20,0.27912883061276694,-0.8306250478927464,1.0,1.0,14,2,0.9510874545031163,1
0.8948012531896891,0.9909107684835,47.18412608382438,-0.4994927692338039,18.0,34,0.2291518584522612,-0.6771204110309836,1.0,1.0,16,0,0.8022779336177106,1
0.8163931469287324,0.9074680993686363,48.99676755665429,-0.4619004264108522,13.0,20,0.2791585745789412,-0.9265529180435337,1.0,1.0,2,2,0.9960103885952969,1
0.9211852390828494,0.8648657758273933,29.1768443978456,-0.22599756533472848,12.0,12,0.15828302773520972,-0.882997356419815,1.0,1.0,5,5,0.9432329076355223,1
0.09852502085817183,0.03831385282494975,4.654743477534889,0.09331133313435577,0.0,0,0.9807155537364882,0.9189541874259017,0.0,0.0,12,3,0.025810392916046844,0
0.016821361222999487,0.01716792858483035,0.6982562737815645,0.06764679372263623,0.0,1,0.9337345546769092,0.7575028298548616,0.0,0.0,15,1,0.054299813260526936,0
0.023173811905025946,0.025824438829895838,4.749805919751127,0.054669741271407,0.0,0,0.9051135381442101,0.5145848818226322,0.0,0.0,10,1,0.08273565548261456,0
0.09311960362649203,0.058339179476612046,0.43933249572416677,0.06366696821672073,0.0,1,0.9740476131953519,0.7160094637972529,0.0,0.0,16,3,0.052321305497087495,0
0.17840931103542268,0.020162732004774454,4.919888239799141,0.08139702695060189,0.0,1,0.9124820813966849,0.8518498898145255,0.0,0.0,14,4,0.08236064207981895,0
0.056192637918446066,0.04348273386037463,3.477336033449311,0.049646115235529975,0.0,1,0.9544482332800263,0.9799314013567276,0.0,0.0,14,2,0.05796190972281367,0
0.1657475018303859,0.013637147558676977,3.841367069322591,0.07805255152438619,0.0,1,0.9493546580340119,0.8333002395233096,0.0,0.0,11,4,0.06627962742097217,0
0.10627092631362961,0.015253904291426135,4.681061231218449,0.07375083594590069,0.0,1,0.9110998098791315,0.741519848779445,0.0,0.0,14,0,0.03373028364674864,0
0.8354653106447879,0.8248214735427555,40.008062526716515,-0.3459575508040318,5.0,48,0.150953517265724,-0.6405046215733834,1.0,1.0,13,6,0.8254364907265023,1
0.11168084994716101,0.06650366745462555,3.089236201006069,0.022061195271121128,0.0,1,0.9976013823279214,0.75156623627577,0.0,0.0,12,1,0.05532906396230001,0
0.8511278187590723,0.8430311243248112,46.85229677485535,-0.45962334977744046,17.0,12,0.2018163657132942,-0.8817160373944499,1.0,1.0,13,2,0.8859205486897094,1
0.014552601272838707,0.0018390676547466733,1.5396497079559546,0.026982072012821434,0.0,0,0.9124368399000511,0.6784429875855551,0.0,0.0,13,4,0.0625329959704233,0
0.15703519227860274,0.046869315979497034,2.371071083287319,0.025677656772050795,0.0,0,0.9600651066548356,0.7164080011047347,0.0,0.0,9,3,0.027771908735084384,0
0.15542938318548738,0.06005168604336534,2.4858738200421366,0.008860042967961723,0.0,1,0.9521296047654139,0.7766855948748859,0.0,0.0,14,1,0.0025809392863181736,0
0.1948789615332333,0.09502373538208025,1.898928900896149,0.005705472115125432,0.0,0,0.9811123769933471,0.9352634831346921,0.0,0.0,13,2,0.06175291150623116,0
0.14519113577404788,0.02886305532402558,4.867444845886984,0.0025811906949486985,0.0,0,0.9259334897317094,0.7569272321033839,0.0,0.0,11,0,0.06144857775116313,0
0.9272094684678254,0.8745999671133726,38.59243563474698,-0.10175237615091731,5.0,11,0.1960037019689242,-0.746771811481743,1.0,1.0,4,2,0.8780132131495257,1
0.12300144533983395,0.015167487973275119,1.3449670221754884,0.04543773345599609,0.0,0,0.9062457593619072,0.774429332538678,0.0,0.0,12,3,0.08040956696335928,0
0.08179058888285398,0.05912754357449293,2.632013304680566,0.029544477747742028,0.0,0,0.9232384323056048,0.5075553421072375,0.0,0.0,11,2,0.0790014841559882,0
0.140193826291824,0.027230732651936897,0.14986794936338976,0.08049889996807698,0.0,0,0.9019327630917601,0.7677769074398363,0.0,0.0,9,3,0.03738081088670025,0
0.879656109817811,0.820112546416689,42.486366926632556,-0.17267979622424723,11.0,21,0.20707417452767884,-0.9931334059587109,1.0,1.0,17,4,0.8885828196083927,1
0.023214528101383247,0.01763869865062233,4.981669580283709,0.07480731794295321,0.0,0,0.9449349742039642,0.7937929355547009,0.0,0.0,12,4,0.061397945627339384,0
0.9223292838779985,0.818542962162054,44.71239163852401,-0.4683695916093408,7.0,30,0.2923776477451416,-0.5328651042680616,1.0,1.0,17,3,0.8245822365084491,1
0.18829296175530505,0.0400763060875326,3.665565112076405,0.09846697395245083,0.0,0,0.9316270149729307,0.5996351682334005,0.0,0.0,15,0,0.017208603245262643,0
0.9348035069767935,0.837758805554689,38.905252546611244,-0.382482211738269,7.0,33,0.26847426676366437,-0.5155917792583117,1.0,1.0,15,6,0.8409008677385592,1
0.8521837159300336,0.9875279559915804,24.63247272617639,-0.4579121779047321,17.0,35,0.27174847930266155,-0.656566753132545,1.0,1.0,18,1,0.8785901529982707,1
0.8802995221129752,0.9425764738689473,31.708866416383117,-0.4622410096384563,10.0,39,0.14992494088211666,-0.7585949533358148,1.0,1.0,5,2,0.9875529118636448,1
0.8656320144707216,0.832919854739915,38.17261191562803,-0.2588614478417454,13.0,43,0.2319739733658078,-0.6252417924216096,1.0,1.0,6,5,0.9972828036965777,1
0.9738349714806175,0.8093985002006235,44.9910279182321,-0.29131527945323266,8.0,17,0.13243414542743762,-0.5817238044151931,1.0,1.0,12,4,0.8752083582218313,1
0.9478182843985906,0.8950927212338241,46.61128233340885,-0.14325074799663606,5.0,37,0.2251967827835907,-0.8377229451345369,1.0,1.0,18,5,0.890854144872085,1
0.1812708770189472,0.09144119459249599,2.8530487331941483,0.07356631142391899,0.0,1,0.9016947664889581,0.9294083855840773,0.0,0.0,14,4,0.099458198903526,0
0.8003287514224899,0.8460773278771779,37.23746592655638,-0.18777090967162402,10.0,20,0.23881446670619688,-0.7001477932959499,1.0,1.0,11,0,0.8872096595945176,1
0.9176187275210894,0.861253577400923,42.94328726375268,-0.49974899334861755,16.0,24,0.1692532083069497,-0.8388698030902577,1.0,1.0,5,5,0.9682713542610397,1
0.9640648176294402,0.8207512687071713,42.51632491261213,-0.2833612308806052,11.0,45,0.29232040511497576,-0.8005892365379713,1.0,1.0,16,2,0.8710263528051433,1
0.004863193286290768,0.08165994394715771,2.366049533457786,0.019462251182076507,0.0,0,0.9863547522514545,0.7523977991522641,0.0,0.0,13,4,0.048004737731008565,0
0.1325044568707964,0.035816271803284054,3.0793159409115227,0.04835456467199248,0.0,0,0.9007664032649225,0.796780467689393,0.0,0.0,9,4,0.013196531962396174,0
0.8389546995374452,0.9089190897421499,27.619542601287606,-0.10080901777669582,10.0,18,0.23084599559997487,-0.8843429088688533,1.0,1.0,12,0,0.9486665827131313,1
0.05035645916507284,0.03220791655831783,1.7390460395109653,0.08420332943764214,0.0,1,0.9166860201698753,0.8468090287368977,0.0,0.0,16,3,0.08895766183304922,0
0.06386272751808297,0.059029494251480776,1.0292060501838414,0.03056042154902149,0.0,1,0.9472281804162982,0.7219597272531889,0.0,0.0,13,0,0.08353725302842462,0
0.17429211803754355,0.09208724005318132,2.9004310391890558,0.06694869551981901,0.0,0,0.9043739072308947,0.7900444173347273,0.0,0.0,15,0,0.061877207704100504,0
0.8264575895302076,0.8373862858882894,20.439413818174604,-0.34419358962183655,10.0,47,0.1161416908387972,-0.7358866961364215,1.0,1.0,19,4,0.9472559797566843,1
0.9835681766187107,0.9713670699446353,32.743500245725585,-0.20831562059965875,7.0,22,0.21785714557257024,-0.9623989856185988,1.0,1.0,11,6,0.912860212933966,1
0.9343175485877853,0.8853716657590179,33.45039411573901,-0.4851113181722683,11.0,18,0.20263400326611286,-0.8452203492434633,1.0,1.0,12,2,0.8423433556923932,1
0.9852616553842393,0.9336006501486028,46.33935147498977,-0.17967892480859016,14.0,29,0.1675438289124434,-0.8497556206836805,1.0,1.0,12,3,0.9088360231883907,1
0.18734599774734692,0.0969470433275369,3.80513951251014,0.01735245149865087,0.0,1,0.9313966717377353,0.8771241298410404,0.0,0.0,16,3,0.05920168427890629,0
0.08779428414112722,0.09848411989623346,0.4005742319233757,0.06603027197013382,0.0,0,0.9794515544490748,0.6486453951536668,0.0,0.0,16,1,0.06281195312435718,0
0.9780276106893828,0.923840863458431,24.179584471341393,-0.14039040694020644,9.0,21,0.23282013422957817,-0.614215136972087,1.0,1.0,0,0,0.9198727103476532,1
0.06780595820974014,0.011483682473920355,0.22871016906256425,0.036753442229153145,0.0,0,0.9440441350312424,0.8795026412609654,0.0,0.0,16,2,0.030788638201624943,0
0.04246782213565523,0.08660638895004084,0.1971340568425295,0.0018232582676361631,0.0,0,0.9443380014379188,0.7238367127052092,0.0,0.0,9,0,0.03405448354798969,0
0.8402527576268946,0.9494595115119714,45.65496034914418,-0.19002861107761798,5.0,17,0.2664478213416883,-0.8809573935964412,1.0,1.0,13,4,0.9891259355497994,1
0.18809171687058288,0.046267978566960646,4.343115839778054,0.08275378955668744,0.0,1,0.928578355552587,0.5896278059538951,0.0,0.0,13,0,0.08297228663216244,0
0.9240482708537825,0.8426284238627874,48.7725272684721,-0.429866303449256,19.0,26,0.20127011065616246,-0.8482518841054925,1.0,1.0,23,3,0.9553213679592781,1
0.1098453329412241,0.08028534485980116,1.2355161700507322,0.02056872621955551,0.0,0,0.9405102694527566,0.8533149349393547,0.0,0.0,13,2,0.08157694046351072,0
0.0735431606118867,0.0741120649290059,4.718079600837994,0.01010458110106467,0.0,0,0.9722143235455906,0.8672219660377958,0.0,0.0,14,2,0.05543566812163691,0
0.8286322715622386,0.8462715284518818,41.47207779232386,-0.4062519637288498,5.0,11,0.29642703688723004,-0.5193087649281424,1.0,1.0,6,3,0.8544934368066193,1
0.8641449048919916,0.8441425171888838,22.950347647706394,-0.31080376252073894,6.0,41,0.18675565488143073,-0.6654081739004285,1.0,1.0,22,4,0.8912254417893267,1
0.9615731291367963,0.9043101967821935,20.211287438724256,-0.28581402013721835,14.0,24,0.10108874183833812,-0.5008887746954747,1.0,1.0,3,2,0.9503359534062846,1
0.9309450696996886,0.8148669217772143,21.032096253603747,-0.10843217755204004,19.0,24,0.11084234884119862,-0.6922545201666404,1.0,1.0,4,1,0.8651780286787286,1
0.0911313505571426,0.07994158789689793,1.1877206543716374,0.07655128989911097,0.0,0,0.9365680748261371,0.707887551761661,0.0,0.0,15,1,0.004142808881938776,0
0.1541934359909122,0.0896788409906012,1.1533490585887933,0.07243388171287411,0.0,1,0.9941725711618925,0.7885612930191603,0.0,0.0,13,0,0.054558212179206644,0
0.9184442798662881,0.8784534083047094,42.58542425274152,-0.2325316460408428,13.0,20,0.2707731987050407,-0.8239917087490609,1.0,1.0,23,3,0.943480711081042,1
0.9276701154840864,0.8543100910354972,45.1519891427657,-0.1025687308723125,19.0,31,0.29324514514116407,-0.9067107503731793,1.0,1.0,17,0,0.834264908890875,1
0.0751165905279888,0.025179905890695277,2.7982434174345707,0.04614774646247342,0.0,1,0.9294619396346193,0.8754698991816592,0.0,0.0,16,3,0.006669388140544886,0
0.15111022770860974,0.036426986104807546,3.7911923785204564,0.08003565078223616,0.0,1,0.9066443844355775,0.5194649816628337,0.0,0.0,11,3,0.03518050064103525,0
0.8250750698467747,0.9036154330395122,29.054001675834655,-0.15341957470038337,8.0,40,0.22483841457925408,-0.9842770224705262,1.0,1.0,9,2,0.8953240912621081,1
0.10214946051551316,0.025243694434402077,1.2987689188016311,0.045037093625818515,0.0,0,0.9798380340518352,0.5930679488766739,0.0,0.0,10,1,0.019500898043861584,0
0.07861954493335209,0.07952673118598902,1.3710760117433503,0.09966968538529769,0.0,1,0.9790509794274885,0.5057089917270368,0.0,0.0,11,1,0.08944043886485073,0
0.16136694785345282,0.02431721909994541,2.2689477069181962,0.09918099513493635,0.0,1,0.9702540501534807,0.5342293596667891,0.0,0.0,10,4,0.04226560337889584,0
0.07018300251041575,0.06334782198261472,3.195599689077502,0.06423255259052274,0.0,0,0.9111512212321277,0.9070628427955809,0.0,0.0,15,4,0.0021021106726217156,0
0.06617960497052984,0.04926180939928696,2.087903878924642,0.05944763351861731,0.0,0,0.9603795452949387,0.5592513117990758,0.0,0.0,14,3,0.0802851208995546,0
0.9294915881491093,0.9107117065324716,31.862548107271344,-0.1797855579493009,9.0,10,0.20483093353895118,-0.8889589058955051,1.0,1.0,3,6,0.8626501480977644,1
0.8652215705025147,0.8603618739325387,48.618102575792264,-0.49599583577634543,14.0,46,0.24856625529313806,-0.5352084527012155,1.0,1.0,23,2,0.9706345957293445,1
0.19008229681531175,0.024640203323910682,1.9427905063517286,0.04368507026151796,0.0,1,0.9962768350253206,0.808150242962862,0.0,0.0,14,4,0.0022218482025580413,0
0.9034586964304506,0.8364126257763711,33.24511769843525,-0.20684901884644064,8.0,34,0.19847151890589793,-0.5744981166013754,1.0,1.0,4,4,0.8541926415742439,1
0.0018394103233259297,0.09899602323899453,3.852037089038966,0.010566468426174392,0.0,1,0.9139196701345695,0.8472977136266426,0.0,0.0,10,4,0.004246990925653316,0
0.04744981749936002,0.0929529144247826,1.103848063943802,0.09948663171697672,0.0,0,0.9201312107822434,0.8505849307951299,0.0,0.0,11,2,0.03182620413857259,0
0.9605962602618208,0.8525441887122606,43.595171405843665,-0.3741743396290539,13.0,27,0.2666012430402172,-0.6979346855717324,1.0,1.0,16,3,0.9584006252260392,1
0.9831615166701344,0.9871652266805646,30.32924099959878,-0.21913729392123843,5.0,11,0.13364221848670832,-0.6051191131326827,1.0,1.0,12,2,0.893969086996735,1
0.049546197900231494,0.04522179408898072,2.490978582265695,0.029282203670096475,0.0,1,0.9647817445990529,0.9723681293915398,0.0,0.0,14,4,0.08726550721760555,0
0.00110442342472048,0.03965427823212702,0.21046594818180941,0.07368737449441821,0.0,0,0.9607905214090704,0.8171818444358436,0.0,0.0,14,4,0.09108026709698133,0
0.977182799099485,0.9499907363604816,37.16515885351309,-0.1778134867837653,14.0,22,0.18772228718792872,-0.9967372947855565,1.0,1.0,18,3,0.9146999169870432,1
0.8485156532147651,0.8168528732311703,23.738401570349822,-0.24277560258398811,11.0,16,0.2017054863547145,-0.9050736698645154,1.0,1.0,4,6,0.933636132391581,1
0.01888859215118568,0.06439995432390158,4.271925466847896,0.0505852692951829,0.0,1,0.943381741957653,0.5312631478714229,0.0,0.0,12,4,0.04699153720335954,0
0.8210810571912335,0.9907890424987552,33.571002776197105,-0.48111004940209806,18.0,13,0.15260516714855682,-0.5643676573649214,1.0,1.0,3,6,0.8996259348367961,1
0.07701954572038505,0.09398321236134752,2.4076117575627505,0.021520187201723752,0.0,1,0.9764527794654718,0.8983406985956861,0.0,0.0,16,1,0.08595563969179369,0
0.09850353876377278,0.05230654247691194,0.1556704144225568,0.04260833838903715,0.0,1,0.9148795969405116,0.9085640710077926,0.0,0.0,14,0,0.06662678614790385,0
0.9615435639962959,0.9712002149786305,35.20998860430042,-0.3636133746150061,19.0,10,0.1981388691853968,-0.8298918807723327,1.0,1.0,7,4,0.8098317047242856,1
0.9990948304693629,0.9626125594428241,26.668482999157558,-0.35596014768715467,8.0,25,0.2843974951930345,-0.5470749039506022,1.0,1.0,8,3,0.8232891048169423,1
0.109123357863187,0.04407627469382282,3.1578011004626028,0.05450269188969384,0.0,0,0.9740904056152071,0.5456957431658882,0.0,0.0,13,4,0.014836033728951682,0
0.8553739938984025,0.930717354008884,36.37005994905904,-0.2229943948955228,12.0,26,0.23095414272041764,-0.9927424527361957,1.0,1.0,6,6,0.9029858990784966,1
0.885631034606024,0.8658461230682789,46.05658492357513,-0.2964458979303017,10.0,27,0.13668106972194793,-0.8379324130836019,1.0,1.0,4,5,0.8928663489590306,1
0.150474905887536,0.014011317576645255,4.669375087639525,0.041262184084862374,0.0,0,0.931562734376335,0.7048355266879963,0.0,0.0,14,4,0.0466116292658489,0
0.011511752003328858,0.042521350446923345,4.933150614794235,0.07941973312770843,0.0,1,0.9890215002636175,0.5352459728215724,0.0,0.0,16,2,0.016462842825866877,0
0.9606489809329612,0.9492359277104545,36.24087915188396,-0.20384868122359207,16.0,39,0.11285054459092221,-0.6982093764384687,1.0,1.0,3,1,0.9187221088892829,1
0.8602926118917602,0.9643504833970781,31.46161647533171,-0.375597198531645,17.0,44,0.17851755007222225,-0.9234325996977981,1.0,1.0,4,3,0.9357094682836321,1
0.9351522585790448,0.8438252129341602,32.55037422481274,-0.45369598150147017,15.0,15,0.2447978328471383,-0.6987443182126356,1.0,1.0,11,6,0.8107865165681742,1
0.832924102647301,0.9583782647591459,28.896127688607862,-0.25352681391496107,7.0,31,0.1649410668516528,-0.5352471473159256,1.0,1.0,23,4,0.8692532101575862,1
0.8678645671311422,0.9531736851325063,40.36662011566355,-0.11422712817280767,10.0,20,0.19014121165007714,-0.6760888475877822,1.0,1.0,16,1,0.9481559734321345,1
0.8612601993775075,0.8764265817651976,20.990358077009816,-0.1457762225657474,9.0,37,0.26268137871293595,-0.5726296907040107,1.0,1.0,20,5,0.9218390782786653,1
0.827849368918822,0.8635809347546568,20.575036625749334,-0.3522435342179545,17.0,41,0.18053424165079957,-0.6423664587453779,1.0,1.0,6,6,0.9289812647729834,1
0.1266202914546536,0.024240973241508024,3.1045775888373854,0.014637399216224912,0.0,0,0.9833649961937585,0.857212082035621,0.0,0.0,16,0,0.06054812505259454,0
0.8274041820072642,0.9641089295491975,46.94439334460302,-0.16021203936653505,5.0,39,0.27757458637026605,-0.9524798796741902,1.0,1.0,6,5,0.9549766864505898,1
0.9707309097882224,0.9745039903658725,37.82409174432654,-0.2405059444497063,12.0,32,0.2749794469195852,-0.7715305750508755,1.0,1.0,13,0,0.8547829741259808,1
0.016827992999009767,0.005182353682242691,0.12293458229400755,0.0432497878330132,0.0,1,0.9966417385866407,0.8486046909548184,0.0,0.0,10,2,0.09242870707946613,0
0.9630144201351614,0.9378242180991516,26.708378593779944,-0.36890110964154876,5.0,19,0.1938080093331926,-0.6205021187546362,1.0,1.0,22,5,0.8214906432883774,1
0.06084844859190755,0.03764633668780496,0.9028767256366677,0.0647474714154603,0.0,1,0.9591697162306325,0.76482986197281,0.0,0.0,13,4,0.015962490143216723,0
0.9823919168399267,0.9228266352375036,36.406435213622984,-0.3706228579599213,15.0,30,0.1154288748172122,-0.6572797388143543,1.0,1.0,18,5,0.8617721798472927,1
0.0825235353822853,0.08556964681062858,0.3674837366500633,0.040149431586128825,0.0,1,0.9105364922250857,0.9603833042316787,0.0,0.0,14,0,0.0010493641139944444,0
0.07734706926010748,0.039785559904574164,0.534903194134792,0.04029801787651615,0.0,0,0.9955918828955319,0.9924292013812379,0.0,0.0,13,4,0.08059789008675838,0
0.121285811931918,0.006337497047276775,2.443215952023329,0.043951168863291014,0.0,1,0.9580467600993696,0.960497260548288,0.0,0.0,12,1,0.04423665331024188,0
0.9901637319832863,0.9588364690634368,27.463911912594437,-0.1398751041702036,15.0,18,0.27675240309160637,-0.6701181797734581,1.0,1.0,6,2,0.9314888654354929,1
0.919567997369137,0.8321187390086617,49.84324863721719,-0.1973843331095037,11.0,49,0.21753695007900214,-0.8982934989008424,1.0,1.0,17,3,0.8246927147461472,1
0.1459212356676128,0.007586332810866393,3.0670569460535386,0.06951445540475938,0.0,0,0.9456236508955542,0.996627507711482,0.0,0.0,9,0,0.03373109541512276,0
0.17910464569924012,0.0892671711076975,2.3731543787490694,0.02024805601652374,0.0,0,0.9416504431903879,0.8246611622884408,0.0,0.0,14,3,0.012709624021843925,0
0.07119453573025232,0.022460482293998198,2.7768177546881563,0.09799703293588508,0.0,0,0.9122920678465388,0.8682676141673963,0.0,0.0,11,1,0.045208659681136604,0
0.8935960924956087,0.8810297107356814,27.768848150749257,-0.19308832899374795,9.0,17,0.11519870126316636,-0.9323794043767493,1.0,1.0,1,6,0.9635969542154411,1
0.8075395449829706,0.9453753812279544,22.349050114386724,-0.10370047624271245,13.0,29,0.11423604726361725,-0.9562122132919126,1.0,1.0,22,5,0.9952141172063809,1
0.9565000288760588,0.9645405843434413,48.585031675117534,-0.3151842628641778,15.0,33,0.1609676338512534,-0.6601371019991209,1.0,1.0,6,2,0.9142640030866206,1
0.07135066533871785,0.001454466566788193,2.088833910836669,0.02748060355481361,0.0,0,0.9702258766031664,0.5813498719042829,0.0,0.0,11,1,0.08706338814834906,0
0.9374591125165035,0.8624383767572776,32.52174872018301,-0.48337606069109657,15.0,39,0.298918837444388,-0.7778239019512525,1.0,1.0,0,6,0.8777062296012085,1
0.1024186116598562,0.008023374566164221,3.1590676350833418,0.08680566901074505,0.0,1,0.9756213613950176,0.908389733252818,0.0,0.0,9,3,0.07242545274991333,0
0.9726959789825627,0.8559272636986412,26.595858691069306,-0.46842805798463505,8.0,19,0.19310113330549594,-0.5512189032734199,1.0,1.0,6,1,0.8821400801173086,1
0.16289369651778718,0.0027095992503483493,1.7961668469988283,0.02975484513188206,0.0,0,0.9493814040456929,0.9757453550883937,0.0,0.0,14,0,0.035979409354529944,0
0.08579880547500368,0.08963358185211198,1.2435713629381495,0.018802473461541614,0.0,1,0.9500401145710201,0.8332315237634178,0.0,0.0,14,3,0.08738749555210185,0
0.8365502331974872,0.9110994560339263,20.81243401010153,-0.1560237143266363,15.0,44,0.14785177255029278,-0.5547652130080551,1.0,1.0,11,0,0.8943512618781749,1
0.10226847977218756,0.07972953657795537,2.4025347362891445,0.07869033862552952,0.0,0,0.9804437207679505,0.5282928280733579,0.0,0.0,13,2,0.028226247041293284,0
0.9284173014704798,0.9673061781521807,38.85220872922969,-0.2322936816625369,5.0,38,0.2512467179632426,-0.5821084645726994,1.0,1.0,9,4,0.8516528715774327,1
0.9240742504247442,0.8915150664500864,43.03629090901134,-0.38385524585332764,14.0,30,0.21389530293260214,-0.6462322811272782,1.0,1.0,6,4,0.963420426600523,1
0.07440361715855663,0.08302198645669917,0.8487895254377037,0.08000709686991596,0.0,1,0.9781823863344936,0.792224454878713,0.0,0.0,9,0,0.08950652888512459,0
0.9338713968481497,0.8634777700055771,35.811504694776914,-0.45393768503885185,7.0,39,0.2527206134176027,-0.6252002794396189,1.0,1.0,2,3,0.9553892776785042,1
0.8389070066336969,0.8596013714387511,40.81589485627197,-0.22801131596424945,16.0,32,0.11439616369266435,-0.8093850236125617,1.0,1.0,14,0,0.8778532793618097,1
0.8871990361141172,0.8349179702494374,26.609821803127478,-0.46134376633405144,6.0,47,0.1970995280565327,-0.6301891576735026,1.0,1.0,9,3,0.8714483936340273,1
0.8122850258519666,0.8104963420199456,25.218826630886767,-0.47502229001043034,13.0,37,0.18633204282875668,-0.5112885261431261,1.0,1.0,13,4,0.8506796215118746,1
0.875644903048669,0.8370817700748109,35.22169295255471,-0.14317645591612238,10.0,26,0.1912317482239645,-0.5627927229017607,1.0,1.0,15,6,0.8344388534851509,1
0.1368466053024314,0.045054413531009356,0.32678170399471185,0.018143834769562696,0.0,1,0.9482041058112083,0.9757149051809162,0.0,0.0,16,1,0.03641127750104994,0
0.1583158087451697,0.08684679758979129,1.5807805248837525,0.06956181464968068,0.0,1,0.9644832604022314,0.827586857262169,0.0,0.0,10,0,0.04453865259778722,0
0.1614880310328125,0.018452101935637732,4.443740399344886,0.046520561228371816,0.0,1,0.965229164859194,0.9470471512666254,0.0,0.0,12,3,0.04296228638968441,0
0.9155655943022871,0.9391589933881491,35.38506087305426,-0.30260800077084893,9.0,25,0.1302915244800829,-0.8803883931670711,1.0,1.0,4,4,0.9858521950395784,1
0.9393122804288092,0.8118100288916544,35.754616823348854,-0.16060711602650413,15.0,42,0.1448738351396972,-0.6635724810951544,1.0,1.0,22,6,0.9467840740575402,1
0.023505249355420976,0.008279866792512648,1.9693220282707924,0.011833619092338732,0.0,1,0.9773141873918672,0.5801827030598716,0.0,0.0,13,1,0.09027637879645088,0
0.9575940267181864,0.9129279715792404,46.08056902977042,-0.20609628446024858,7.0,10,0.16515590874912364,-0.9595251489888219,1.0,1.0,23,4,0.8019400709846085,1
0.8507225541719416,0.9496032153398805,46.99229235226615,-0.29164712862099557,9.0,43,0.1264070353779991,-0.6367516268312887,1.0,1.0,18,3,0.9527230597923313,1
0.12587972762705252,0.033424389081696086,4.089171080875108,0.01861014178462773,0.0,0,0.9747444406596694,0.7596122853901026,0.0,0.0,14,0,0.06723898127987045,0
0.016700143339733752,0.05974131021703083,3.4162401414482293,0.04340193661738753,0.0,0,0.9772921481876116,0.6963653716357081,0.0,0.0,16,1,0.0007334150836180276,0
0.888754267818449,0.8346047739502329,34.04901774369155,-0.2007577328450043,5.0,17,0.2643071155779372,-0.5699632405051036,1.0,1.0,7,5,0.961957705737621,1
0.9887148288070354,0.8788180305549007,35.76335379086539,-0.16021422802857788,5.0,15,0.21096515930066123,-0.6605495788848963,1.0,1.0,20,5,0.9230429793193828,1
0.018796387968173803,0.034569599350391944,0.048854237095918296,0.06372014768082805,0.0,1,0.901431527766706,0.5506864487765796,0.0,0.0,14,1,0.004809231041203544,0
0.003091323305773486,0.02322126951468173,3.8051199547149945,0.041615399817976156,0.0,1,0.9511275462200751,0.5658575142895468,0.0,0.0,14,2,0.006581176069057649,0
0.08677032984759461,0.09610703174694551,3.6358453488315403,0.06129395824945255,0.0,0,0.9520169892310751,0.9199008033322134,0.0,0.0,9,2,0.026247058512126456,0
0.05175599632000338,0.06181282404578958,4.429888741180935,0.09629268752375798,0.0,0,0.9005505799160421,0.7184979428328104,0.0,0.0,12,3,0.07514529444593437,0
0.03915822695785929,0.08617856210135173,0.8984155443512098,0.013172877345456191,0.0,1,0.9842711902160555,0.6241881301849002,0.0,0.0,10,1,0.03715465113198744,0
0.09273968098799644,0.03609738969400268,3.0172429669068896,0.07513750860290458,0.0,1,0.9622413641565997,0.8510730480909148,0.0,0.0,15,3,0.011475359941383545,0
0.06415601299434717,0.024595772838450814,4.16067088978871,0.020851051435733584,0.0,1,0.9384206712985801,0.8709481634793576,0.0,0.0,9,4,0.06227322822928333,0
0.17921825998469865,0.02093493233367103,4.778257491148767,0.0060142342600785215,0.0,0,0.9845604362989907,0.9732282565752027,0.0,0.0,11,0,0.02789380760734768,0
0.15502656467222292,0.08521815003185401,2.64468567013606,0.06016118201463312,0.0,1,0.9572048643369301,0.9539493968898096,0.0,0.0,14,3,0.02217819781923186,0
0.8112324019806627,0.9257004340472408,27.601381964880034,-0.46299335152676224,9.0,20,0.12853087029463242,-0.7944255338299306,1.0,1.0,21,2,0.8159290258069533,1
0.03548790875594456,0.023818278104672654,0.6543683035917491,0.024667886452162304,0.0,0,0.9761037790250783,0.8689586966770126,0.0,0.0,13,2,0.0801684293191305,0
0.9025958699641815,0.91544321460179,45.200564957620955,-0.11763873104472705,15.0,49,0.17255342662749518,-0.7821328215783462,1.0,1.0,4,4,0.8573321162574046,1
0.00920052840435055,0.049836777273947974,4.873965810733916,0.08117697880901376,0.0,1,0.958586478845352,0.8505697972087368,0.0,0.0,16,2,0.06164281773718701,0
0.9165257292080732,0.897623508686747,49.28258072598715,-0.49372163776148814,8.0,26,0.2567167789485767,-0.8962652809705614,1.0,1.0,15,3,0.8133500509701515,1
0.07773545793789641,0.07040797680992236,4.368385570931694,0.035342137930271814,0.0,1,0.9507411938717809,0.6236701579095416,0.0,0.0,14,0,0.027974596776907102,0
0.11816665211380216,0.09472833396118154,0.3928924857751037,0.05184080219452041,0.0,1,0.9768922782107641,0.7593504971902976,0.0,0.0,15,0,0.05985951074046708,0
0.812185744344144,0.8651649168038897,41.43379051657345,-0.1723063151590319,15.0,18,0.16123918409641624,-0.6104973030379812,1.0,1.0,1,1,0.9317710808453684,1
0.02363296552433125,0.02310747965880714,0.8176193629251138,0.06888853020500907,0.0,1,0.9632711878748601,0.9025451592478313,0.0,0.0,15,2,0.019519716457188252,0
0.15915853388722023,0.06411476328852973,2.4944407672567803,0.08408715794259226,0.0,0,0.9997820855681978,0.81614107681882,0.0,0.0,16,3,0.08324171834102528,0
0.846614562378167,0.9269112935483049,26.531866990488005,-0.2107771498158681,17.0,44,0.21523186596519323,-0.7973924383503607,1.0,1.0,18,2,0.8023289799006192,1
0.9198745985743972,0.8277937983773249,20.84686278952119,-0.14563115422262995,9.0,32,0.16840453284959633,-0.9950765874939945,1.0,1.0,19,4,0.9141122809249214,1
0.12022300234864176,0.09497999132919241,1.2483400442959298,0.060790509279344464,0.0,1,0.931694658779112,0.8538606751337637,0.0,0.0,13,4,0.05654199676077424,0
0.14580143360819747,0.09495206236576421,2.138865668679312,0.009571455552016174,0.0,0,0.9955060511484989,0.924021044800742,0.0,0.0,10,3,0.03465587598165476,0
0.19248945898842226,0.002007119777772637,4.123404829625746,0.05399571302805596,0.0,1,0.9374552887020121,0.6660955165578023,0.0,0.0,15,0,0.015177540985110205,0
0.9581382203800336,0.8964548000163087,32.96031676791088,-0.13885279062713995,10.0,25,0.1269494530261815,-0.7101837708990909,1.0,1.0,19,2,0.9418628589606967,1
0.06379512605875226,0.015615259736619036,4.353749506362557,0.05422372054918483,0.0,0,0.9964078416490109,0.8033658623587182,0.0,0.0,15,1,0.03150103723767316,0
0.15528259214839937,0.039718352961845484,2.598869742780088,0.020403563462889886,0.0,1,0.9644149221475916,0.7691659716278567,0.0,0.0,10,1,0.014914082593973744,0
0.9521771955343019,0.9219011782009967,43.451869670142784,-0.24752476877597152,16.0,34,0.2353953504622057,-0.653351265724254,1.0,1.0,15,0,0.8798080904096608,1
0.12402651956030736,0.06946964708544268,1.8662589581467004,0.015890816766935358,0.0,0,0.9225381268006766,0.7144721667150722,0.0,0.0,16,2,0.0967802737648485,0
0.8463682583429453,0.9170593656668623,26.88180506463146,-0.34649101680903627,13.0,20,0.2159532914868546,-0.7179026041006273,1.0,1.0,17,0,0.9625856810787874,1
0.8397628121874806,0.8667321781267385,44.482770587427844,-0.10685595285783178,7.0,13,0.21082523267165484,-0.7363401602000701,1.0,1.0,1,5,0.9608218492122264,1
0.07722052756015485,0.055964033130821794,0.657838425636299,0.0937388066497119,0.0,0,0.9101892388066014,0.9387350233272409,0.0,0.0,11,0,0.08787692497929145,0
0.9624652360494124,0.9100702557677502,33.69526566024599,-0.26677292623114257,12.0,35,0.2711177788151127,-0.5441806551323483,1.0,1.0,3,3,0.9456941891117184,1
0.9446143272099338,0.8242829811009945,28.01432209611948,-0.3328464013529561,16.0,27,0.2829052307604112,-0.7152393606589837,1.0,1.0,15,0,0.8144696767672115,1
0.9590116035212263,0.8700397362046438,23.075875946834042,-0.38728105984140304,11.0,15,0.22568456578353457,-0.7403011573582662,1.0,1.0,16,0,0.9396233848167047,1
0.9498758033448312,0.9028979204624078,24.217757545200968,-0.41157137887440326,18.0,47,0.1366339054856585,-0.8623819470344387,1.0,1.0,4,0,0.8763916038090538,1
0.18264811051129426,0.03972872905603673,0.19809412674178573,0.09553346865039283,0.0,1,0.9358715525417014,0.666228078574356,0.0,0.0,15,4,0.05235635795298558,0
0.8657116299771597,0.9655952927004503,45.749912953427746,-0.38962046873712497,15.0,29,0.12856482209737652,-0.7180664840541167,1.0,1.0,16,6,0.8700473228654154,1
0.19801077002085266,0.031172206779554824,3.9877955031859407,0.0844357082739616,0.0,1,0.9883464762986061,0.6438163645218391,0.0,0.0,9,4,0.04259377084669395,0
0.9046814370134943,0.9233425415293552,29.207932189436978,-0.4265743543132269,15.0,43,0.16448996194212992,-0.9356879697804039,1.0,1.0,12,0,0.8639304124510602,1
0.9545341976256333,0.9442264714713647,47.319949861516655,-0.4821963842895315,17.0,10,0.12261059356690203,-0.6308243614394027,1.0,1.0,20,0,0.9757061498414312,1
0.16309228569096684,0.06220867002278735,0.08936967366706905,0.08627970775432287,0.0,0,0.9309372717862783,0.6110379353466603,0.0,0.0,9,0,0.05474148403797259,0
0.045759633098324495,0.05034172708548569,3.480103090268961,0.023371208191043304,0.0,1,0.9533967472547764,0.5180094091457133,0.0,0.0,11,4,0.07616758762136627,0
0.08803049874792027,0.0129159415151495,1.5764516891530516,0.05251633836670602,0.0,0,0.9196097712738394,0.9974096469829755,0.0,0.0,10,3,0.05662150157526166,0
0.002167530296059672,0.0341817351697876,4.028350764750266,0.03679407513020845,0.0,1,0.9850348001119895,0.5320031733043105,0.0,0.0,16,2,0.04593314408005428,0
0.8063444983632063,0.8222301759566624,34.67716584283323,-0.13295972149523988,8.0,42,0.19913815404574275,-0.8538484767225812,1.0,1.0,17,4,0.8290572019491573,1
0.16043939615080793,0.04374749220237291,0.5523705656569733,0.009553531383466818,0.0,0,0.9394576075597647,0.5060515583880537,0.0,0.0,15,1,0.06938055569674118,0
0.9725844787021978,0.9005500383219225,34.222287923235726,-0.15457727880067607,8.0,25,0.15977263775737355,-0.776615082765874,1.0,1.0,8,2,0.9638214652355376,1
0.8487142251729264,0.9030610375988753,40.513646026696236,-0.2332137186051273,15.0,40,0.23180693621980025,-0.5336794687230078,1.0,1.0,0,3,0.8431279525451698,1
0.8416799147236663,0.9786809458175975,33.10273453541225,-0.2648390700420742,11.0,24,0.28050677652771505,-0.8366554887341258,1.0,1.0,0,4,0.8038086818548584,1
0.8957409715931045,0.9327485477250774,23.216671826254625,-0.17625218222522165,6.0,20,0.18450787604477098,-0.8356128562537046,1.0,1.0,19,0,0.8602318039570891,1
0.10495128632644757,0.0810553330781833,2.839726152763147,0.0898030548949987,0.0,0,0.9702633773085516,0.6209466470564446,0.0,0.0,10,2,0.03356232729779118,0
0.9457739608976683,0.8212823525805689,23.7569007688624,-0.4497537547375056,15.0,19,0.15853428915188483,-0.5309730732230351,1.0,1.0,2,5,0.9919833379284182,1
0.8831722678815895,0.8798252200889932,24.96260456385228,-0.46254684266654833,11.0,49,0.23510647372401133,-0.9833384002802458,1.0,1.0,9,6,0.9297390085066071,1
0.15399871061972217,0.09321182824836124,0.8374129112953488,0.07163233880626822,0.0,1,0.9077649334671605,0.7113643184469661,0.0,0.0,11,3,0.007463843107942881,0
0.13203947534354626,0.03334991716911442,4.3589178329610085,0.06150129680388666,0.0,1,0.9321495701247882,0.6564536971068241,0.0,0.0,9,1,0.007672282685288523,0
0.8824732974549362,0.8159210153985011,46.06877315062689,-0.39355681753228033,18.0,14,0.2653484857151713,-0.5940551782158416,1.0,1.0,9,0,0.9710816324208575,1
0.062196464343132446,0.06334008543167258,4.723660111457051,0.09877855202148873,0.0,0,0.9114487638065906,0.6989183127510785,0.0,0.0,12,2,0.09760326986002038,0
0.05426980635477918,0.021296416150891076,4.9204173459964755,0.023687055897448208,0.0,0,0.9874222524685176,0.8203075917744437,0.0,0.0,13,1,0.03319982942377652,0
0.13199680920683582,0.055676289301392984,4.686142436182256,0.08620144822726226,0.0,1,0.9389481894902421,0.5836606520005302,0.0,0.0,14,2,0.08002063476835791,0
0.19460211095048913,0.01397723766262895,1.9879719898139714,0.050942212814978974,0.0,0,0.9130652343823463,0.9194986638590054,0.0,0.0,15,3,0.081527633109056,0
0.8567215846834273,0.8580510210745059,42.03050106005887,-0.49291445975624437,18.0,29,0.139021764004842,-0.827134873903501,1.0,1.0,22,4,0.9509880400316658,1
0.8209351941071067,0.8548240727638402,33.385113134380894,-0.3935073994004759,10.0,36,0.15754368689800585,-0.9217865405891905,1.0,1.0,4,4,0.8281306678467334,1
0.8509081085843323,0.987742927074807,23.13246108494354,-0.4942508192888889,5.0,22,0.13948976341822633,-0.9477360560621528,1.0,1.0,21,6,0.8509441000915098,1
0.9535939956123664,0.847343061168974,39.93018099817047,-0.18965108418234933,8.0,10,0.25847815507176275,-0.9490237252098612,1.0,1.0,7,6,0.8645802137155802,1
0.8549013347014157,0.9434725506072734,34.01053599565225,-0.42498911083513335,16.0,33,0.1257159157023338,-0.508659975638783,1.0,1.0,5,0,0.8696461279414738,1
0.9697847738952146,0.9436335895121027,48.04679139663526,-0.3238503107899157,17.0,34,0.12105303249608507,-0.780479255589426,1.0,1.0,11,2,0.9352283577202914,1
0.9266526403218821,0.8193957525032192,20.572975980611776,-0.32099990087582864,12.0,18,0.2362920230850544,-0.9687762344012463,1.0,1.0,17,6,0.9234708501976134,1
0.8615405626779689,0.9867955948289039,21.640795237288028,-0.4363363664024681,12.0,18,0.15657718195727305,-0.63406337346864,1.0,1.0,12,6,0.9317885587869486,1
0.0033175657855712306,0.08967654246264252,4.9059308901371175,0.08779743204450696,0.0,0,0.9023352096328187,0.8563106665492564,0.0,0.0,10,2,0.06728471334885448,0
0.9479365795526217,0.9582568584993367,22.06783634403946,-0.2190378536535192,14.0,31,0.1619201490171,-0.5565289445585664,1.0,1.0,3,4,0.8711936781664473,1
0.1392059593349946,0.053346109197632156,2.4579727337071846,0.04878540439263625,0.0,1,0.9439149816633748,0.5060783857386935,0.0,0.0,10,3,0.011956199775205645,0
0.11957999576221703,0.0876653602658345,4.989670552666688,0.022807977194893247,0.0,1,0.9931753719432816,0.7607298193607359,0.0,0.0,11,2,0.00875912974059464,0
0.9163128408875978,0.8645979366353738,25.448942656364657,-0.4905632128876817,10.0,33,0.20851509050711603,-0.9084008774366825,1.0,1.0,2,3,0.980796339317857,1
0.14701420876077717,0.07999160853731895,3.283683322706461,0.0160071634954573,0.0,0,0.9713046050634319,0.600141008933813,0.0,0.0,11,4,0.03256848020639532,0
0.9474819888623892,0.8249294857985627,44.16488138096733,-0.46594254537756713,12.0,16,0.10703492630631933,-0.555578744130734,1.0,1.0,7,2,0.8845736818118174,1
0.16187223109570273,0.011063173695520723,3.474909430632713,0.045944676840598664,0.0,1,0.9692532431537109,0.642879162296353,0.0,0.0,13,1,0.0232541331620855,0
0.16344444004024317,0.05716126894698999,3.439428611504067,0.09227571905133944,0.0,1,0.9385511904736923,0.8903158587127786,0.0,0.0,10,2,0.0863009046067227,0
0.1800836114326661,0.050761037868445505,1.7294152847647837,0.03986630277723131,0.0,1,0.976190181260487,0.6482799561029653,0.0,0.0,14,0,0.09944152675588736,0
0.8558890614637805,0.8124410183051383,48.214915955390325,-0.4237695813931225,14.0,26,0.20322696093489956,-0.7838934062074883,1.0,1.0,19,3,0.8794455059132466,1
0.12848385564126313,0.01906877206636666,4.367116190408303,0.02522410201733616,0.0,0,0.951112913923723,0.7172016595033048,0.0,0.0,13,0,0.03636453589194496,0
0.009089276068291574,0.06884023964277361,1.980863458046277,0.07279393069737652,0.0,1,0.9991327901564221,0.6097769616149009,0.0,0.0,16,3,0.06529729219079393,0
0.018257335357226713,0.037969240816726695,4.341356402566293,0.014888805033244468,0.0,1,0.9657353482170129,0.6461915552060966,0.0,0.0,11,2,0.09055388379289012,0
0.8134753743043852,0.979671055033533,34.65627399320771,-0.19473997690177547,11.0,27,0.13515676316607636,-0.9153017501842107,1.0,1.0,5,4,0.8167747477104025,1
0.8033351626979679,0.8678440596783568,26.60270198141817,-0.39245723483833134,17.0,10,0.2676705808098032,-0.8128470032968377,1.0,1.0,21,3,0.8352178575887708,1
0.8386320016816866,0.9501196913488252,21.671839571029533,-0.4305313452182641,8.0,41,0.1768321515906925,-0.6945462389208017,1.0,1.0,5,3,0.992002376163825,1
0.9401451042568527,0.9333463059715179,26.77518896670176,-0.4268427787725325,18.0,11,0.2531304673410366,-0.813561745398911,1.0,1.0,9,0,0.8983751918921647,1
0.8237321228949078,0.9973375223234049,22.775856631001574,-0.29843478984775995,16.0,32,0.15814446152413303,-0.5431174983481006,1.0,1.0,11,1,0.9224317317886458,1
0.9570167314479514,0.8191281392047433,27.627774829667917,-0.41916762556539167,12.0,29,0.12523061925756335,-0.7650107826711028,1.0,1.0,11,6,0.9213439159564464,1
0.8278004410398155,0.9570379768845683,41.26892801371332,-0.16055737924048807,11.0,25,0.29925936084904514,-0.6183461923938947,1.0,1.0,11,3,0.9404328657296626,1
0.14049681679742185,0.08767656367617495,2.3996941735856177,0.04760181293687665,0.0,1,0.9476843468317817,0.7022636927869348,0.0,0.0,14,0,0.030752979549045635,0
0.9069321846151048,0.930166644312297,28.1429259282816,-0.14019489396147605,16.0,26,0.12323611485081783,-0.6782118886300899,1.0,1.0,4,1,0.8081570026871037,1
0.8468998955348188,0.8621430656622895,35.31560783896534,-0.41379485698089247,5.0,35,0.11601790193423225,-0.5872345883266252,1.0,1.0,14,3,0.903527787137887,1
0.9016283437330389,0.949739695687831,46.459266654218226,-0.10026548800659829,11.0,36,0.18097197792362887,-0.6322817030539069,1.0,1.0,10,2,0.8537114281241283,1
0.07169314570885453,0.04921162930795382,1.0912694393253208,0.06070940360887808,0.0,1,0.9636401370183407,0.7143510104932168,0.0,0.0,16,4,0.017129495782167038,0
0.19252968293558503,0.09208418826173724,4.0864888498124685,0.002094496103091281,0.0,1,0.9072901835367904,0.8118243891451331,0.0,0.0,11,2,0.03072389618477205,0
0.09832317502336647,0.0013094456588333637,1.2884144425560684,0.037216702383751334,0.0,1,0.9822534794384197,0.7251271230714451,0.0,0.0,14,1,0.013535543497328406,0
0.9460486668715736,0.9592601326830265,48.13477399955201,-0.129974177421178,9.0,16,0.2512008483548154,-0.9760805937464806,1.0,1.0,5,5,0.9448844680538631,1
0.9624155222017359,0.8692393773360656,30.29155197558952,-0.3284462442421159,6.0,39,0.2666419375915603,-0.5923226880722192,1.0,1.0,4,0,0.9379403069723737,1
0.9411270792737964,0.8683731537596302,40.184950697612905,-0.2401828165585358,15.0,43,0.1641466184689346,-0.9648159460469854,1.0,1.0,15,0,0.8010648381142129,1
0.11225543951389926,0.034566728332386325,2.563442555082543,0.010410964938416634,0.0,0,0.9354771291835984,0.9754642972512741,0.0,0.0,9,4,0.01411075940213511,0
0.17371982563789207,0.029712171562317504,2.034539803614353,0.03622354416522884,0.0,1,0.9974194443816358,0.5009960676095351,0.0,0.0,14,1,0.0936927863731139,0
0.8471245702383297,0.802110224490038,23.74610230717768,-0.45519531477271774,10.0,28,0.28996584109727314,-0.749851062803004,1.0,1.0,23,6,0.8076405567514783,1
0.131738726323789,0.02099055930955858,2.1930770959479524,0.08613699963634361,0.0,0,0.97486452341262,0.9572743319242795,0.0,0.0,11,4,0.06981984306764998,0
0.1521570097233795,0.018188008439914482,3.0386839743942957,0.012839428945412524,0.0,0,0.9080180014081903,0.9592132160727043,0.0,0.0,9,4,0.07905205102716735,0
0.9411125423299382,0.8512826055397884,26.54909335434537,-0.11116826581017714,18.0,22,0.22378703255268673,-0.7529211982240978,1.0,1.0,8,5,0.8077747394033379,1
0.9321597059381821,0.8978454509499839,35.62657348102037,-0.4580657011176035,13.0,39,0.24633591975749636,-0.8126753904925856,1.0,1.0,18,4,0.8215849109929988,1
0.8699592123615184,0.901073051301186,43.667810718466384,-0.2713284486601046,5.0,19,0.14726731805375023,-0.7815699817214368,1.0,1.0,15,4,0.9039003709529962,1
0.007188454759348418,0.09084505613336284,2.5885582169235573,0.08951177407065364,0.0,1,0.9834144597000676,0.6381595542329268,0.0,0.0,16,1,0.09325445893524509,0
0.8534830556944215,0.8569200764609363,35.0312071095381,-0.48613971607439316,10.0,22,0.1817586034542345,-0.5318798060963984,1.0,1.0,4,1,0.8644161150632532,1
0.007377389470906559,0.0890527280739895,4.39314993177579,0.0755270420496808,0.0,1,0.9345877460737857,0.9379415417585285,0.0,0.0,9,0,0.00013462709565637,0
0.8243776165064541,0.8620614231583396,47.84042710188143,-0.13174874531568964,11.0,40,0.2239136449557319,-0.5667862985506219,1.0,1.0,15,6,0.9509745057817122,1
0.8511487403096601,0.9643283139557911,45.98551126607089,-0.4592432984113789,9.0,13,0.19121990533251831,-0.8542059359194214,1.0,1.0,7,0,0.8803903849230439,1
0.06234221521788219,0.011355759219962902,1.164797373768169,0.08059925497751581,0.0,1,0.9219068809101858,0.5365407810135074,0.0,0.0,16,1,0.051318308375677885,0
0.9706484938394235,0.9701008456657194,26.168644630980232,-0.18442195042602927,8.0,31,0.2411980805923987,-0.5590483576182703,1.0,1.0,6,2,0.8680769675355099,1
0.06503666440534941,0.024014561877819307,2.3370075562493486,0.013643975255673313,0.0,1,0.9383838883044979,0.9597655123280249,0.0,0.0,15,3,0.034481760774616975,0
0.8832525561375815,0.9247038390348309,20.649366840409506,-0.45749363808304166,8.0,41,0.29467885828720863,-0.7963088604404298,1.0,1.0,18,0,0.8963674507152517,1
0.9939231877808676,0.9359409557153668,38.803115582516654,-0.231192095127786,8.0,11,0.23867638012297107,-0.5433501441999831,1.0,1.0,0,2,0.9923524956690938,1
0.9060124910103465,0.8677626043209696,33.7341479767762,-0.3949321058678062,5.0,37,0.2969829532033809,-0.7438498195422667,1.0,1.0,0,6,0.988521942031731,1
0.018620553561179844,0.032367923640424366,0.3367530073438585,0.017483862726041254,0.0,1,0.9553711485358012,0.6326630687777335,0.0,0.0,13,0,0.07268388310482375,0
0.11104016231989247,0.027997909366028417,0.3391852955258595,0.048706191881893596,0.0,1,0.9340387104254506,0.7918863902570559,0.0,0.0,12,1,0.01506874870008338,0
0.8491101251888983,0.9199194520088108,46.960031046579914,-0.18148572682287956,17.0,24,0.20011617788965974,-0.6470587776591392,1.0,1.0,0,3,0.9441786438104196,1
0.9816030178749948,0.9702811495782948,47.88948823103985,-0.46648361098069535,19.0,32,0.2168639463525418,-0.5960309849928582,1.0,1.0,4,6,0.8175545828246882,1
0.014237729692045798,0.0025386355660344862,1.2361553720158853,0.07328015447662506,0.0,0,0.9377318053963193,0.8663667373930826,0.0,0.0,11,0,0.02007709747566786,0
0.02223949646123027,0.04187705248920731,0.1519352984841843,0.09983475113929496,0.0,0,0.9770158211757096,0.8384703914984186,0.0,0.0,11,4,0.020184183536375813,0
0.10461956883402977,0.05968428489168892,2.177916574064665,0.08419335667918088,0.0,1,0.9484077069710202,0.6111806523740851,0.0,0.0,10,3,0.028590053377120242,0
0.1071549368149517,0.02372267917359945,3.717541281458039,0.04969634829058303,0.0,1,0.9027536719869466,0.9834227498996426,0.0,0.0,11,1,0.04113745714125894,0
0.9861648149980229,0.9186112379934716,25.706837924604127,-0.12733630009639235,7.0,18,0.13890959393998226,-0.7988626162842832,1.0,1.0,17,2,0.9955425625651,1
0.863002101436685,0.8775390309678014,49.517190916914906,-0.2854118435246107,15.0,46,0.2054294588598361,-0.5568156764522296,1.0,1.0,6,4,0.9583922028933431,1
0.8551073134281703,0.9408670631914361,33.15947055307954,-0.17399387332954075,12.0,23,0.15518565959001257,-0.7924182066979479,1.0,1.0,5,6,0.8961572336359455,1
0.02015560027548533,0.037330931627975295,4.856975470208198,0.08177853298569451,0.0,1,0.9788932471776007,0.6354031640184863,0.0,0.0,11,0,0.05236634160546108,0
0.932513583547757,0.9013371581708006,33.61778409265388,-0.18125537188952356,11.0,29,0.1586697253340179,-0.6021066344117489,1.0,1.0,17,0,0.9840393972148548,1
0.14137146876952342,0.08623637087467452,4.938611948680157,0.021673980009077567,0.0,1,0.9823790384221295,0.6608349948297743,0.0,0.0,16,0,0.07339053770018694,0
0.9865913251056455,0.9027733051426543,42.16791366048417,-0.21275930481759098,8.0,34,0.24467893777098568,-0.8932163498319039,1.0,1.0,3,0,0.8803587340666728,1
0.9973126228228821,0.9604076540565737,28.52175167121287,-0.45279758935225006,18.0,34,0.228555310011973,-0.5330243307086409,1.0,1.0,21,6,0.8328369928112718,1
0.8623143479164458,0.8485088553165941,22.131122642100237,-0.29192215691044576,5.0,21,0.2711287328289893,-0.7849723274043628,1.0,1.0,11,2,0.982715602280539,1
0.06338440103125553,0.03349056146570861,0.6259289610127522,0.02412014575995415,0.0,1,0.9956047143611934,0.8124370498034994,0.0,0.0,15,0,0.06946537728101754,0
0.039196572483829045,0.0028782676313338974,2.009654568046211,0.041102846980670474,0.0,0,0.9617066516117802,0.5808357181184809,0.0,0.0,14,0,0.005055918795953896,0
0.9729304709205492,0.958398606681142,27.819849644988096,-0.27375858890078264,15.0,43,0.11879818588332042,-0.5867731737725099,1.0,1.0,5,0,0.8451762825867152,1
0.19014286128198324,0.05360963663441204,2.7095047368917906,0.0479181877629731,0.0,0,0.9909626819436592,0.8370651477680315,0.0,0.0,15,2,0.006569211648965923,0
0.972696921673823,0.9953931092253245,34.50723757111602,-0.4559430868324134,11.0,23,0.11124933886303451,-0.9821168784925324,1.0,1.0,11,3,0.918382880883814,1
0.8954400158835922,0.9991021936031732,29.857118981968828,-0.4936592631072495,5.0,37,0.25413839415204675,-0.6924543563150058,1.0,1.0,2,3,0.972787161491991,1
0.18789978831283782,0.055190683877448556,4.695338492564481,0.08191888594267903,0.0,0,0.9512667725956416,0.9718507964101104,0.0,0.0,16,4,0.031755457986950175,0
0.863948639081539,0.9449392508523649,38.08678647816306,-0.13289093900222415,14.0,32,0.2708516123107879,-0.7090673667476461,1.0,1.0,18,2,0.9314395323280125,1
0.8010279255171121,0.9486870347912388,25.683302995022082,-0.3746090560614198,6.0,13,0.2054991889116523,-0.8565921263964844,1.0,1.0,21,2,0.9658363559899835,1
0.8007674291015602,0.9422320175055532,41.44695314231866,-0.39223284426817134,11.0,13,0.11881196404571776,-0.8795609681472587,1.0,1.0,3,5,0.8952676586988733,1
0.9780473243591542,0.8095827735826668,30.76267286063821,-0.20589951347728258,14.0,37,0.15495956215358012,-0.5898615701156728,1.0,1.0,14,2,0.8885874243468872,1
0.9188098931133623,0.9414852550323864,23.096499466369988,-0.39033438493107997,8.0,46,0.19559990901086227,-0.7503785462376127,1.0,1.0,1,1,0.9154106683427089,1
0.9075169251385132,0.801428416353649,48.06274473345603,-0.28351849369148063,10.0,21,0.24059834522936388,-0.9525231762908345,1.0,1.0,14,6,0.8785470228448455,1
0.8647461651220848,0.9234439165988917,20.357539489347264,-0.39298918790066306,17.0,11,0.17898903720429243,-0.7174837375120251,1.0,1.0,0,1,0.8621946042766067,1
0.9107646881267452,0.9731142440189529,42.009285210933456,-0.42942409181185986,5.0,36,0.13272168416874244,-0.9922762861334611,1.0,1.0,23,1,0.9159072738299963,1
0.1184829137724085,0.005637549665092712,1.5955023662162782,0.08030258978326635,0.0,1,0.9634104031376332,0.7227708193709454,0.0,0.0,9,3,0.021369814157032842,0
0.8744240430483398,0.8040046459464376,28.13426760141764,-0.23995471063231455,15.0,49,0.29964680516574405,-0.6067370564482044,1.0,1.0,10,5,0.9964154757271262,1
0.16255991345150053,0.020642127176060322,4.3407112718875265,0.07886149646724065,0.0,1,0.9963499240887588,0.6772124743965274,0.0,0.0,15,2,0.09524153059966436,0
0.8821418490783333,0.8478029069331887,46.362395710307894,-0.12933377844525196,18.0,40,0.23575764445204897,-0.7145042143370108,1.0,1.0,12,2,0.9175388939062624,1
0.12465962536551159,0.09800325752854772,0.44705501156129757,0.03909059959055147,0.0,1,0.9059524700347772,0.831217005850534,0.0,0.0,16,0,0.03375324658838189,0
0.8652564303137893,0.9123870507039327,35.65200256559737,-0.2187200860898052,8.0,42,0.2785222656088294,-0.9143008438376238,1.0,1.0,20,3,0.865870704849991,1
0.15425406933718916,0.014707348092903794,1.9216332357984083,0.00236385860463364,0.0,1,0.9821198282550226,0.8644307211349734,0.0,0.0,11,1,0.04077157706652253,0
0.9808270705156381,0.8402812618426705,40.41681998416513,-0.11535489662668669,13.0,25,0.2108601411695905,-0.8429450904553146,1.0,1.0,11,3,0.8440219660038327,1
0.014808930346818072,0.09265876251614945,3.3982364134653493,0.0641971500443266,0.0,0,0.9001565105191474,0.5476996386566053,0.0,0.0,16,2,0.012556557863725138,0
0.924995949675207,0.9438468838088294,27.81209326363725,-0.3385496418920412,5.0,35,0.16981048489231026,-0.6595413936913743,1.0,1.0,17,4,0.8454843457447059,1
0.8904404958207077,0.8589891648084684,23.95420489690038,-0.27726452212390357,15.0,22,0.16027835915327185,-0.7960186988971367,1.0,1.0,15,2,0.9666548610057515,1
0.01805795401088166,0.010178247262040375,0.803799480241541,0.09921580148233128,0.0,1,0.950545511791045,0.6121467416425226,0.0,0.0,15,4,0.012638642240566711,0
0.0010123167692437374,0.025464065476376387,1.3681333314083295,0.06195879548978296,0.0,1,0.9488897831792451,0.6370357946710955,0.0,0.0,15,1,0.08372630071385088,0
0.19398197043239887,0.04182430362906189,4.938340039983235,0.07181230762264944,0.0,0,0.9601923431015131,0.5039207953859584,0.0,0.0,16,4,0.07242325476119492,0
0.8108932094733675,0.8755988077252307,33.90866223030349,-0.20759586034420674,19.0,18,0.23917631487369698,-0.7417778290485892,1.0,1.0,21,1,0.9834197010343588,1
0.9004016395478365,0.8013593097172224,32.89534009229466,-0.14502332369900484,14.0,23,0.29027927449688307,-0.9350505977315946,1.0,1.0,7,5,0.9865692442720598,1
0.9752384956539112,0.8154965947584772,23.73845189567374,-0.4984160227951429,17.0,29,0.2555889054940642,-0.9530890638022784,1.0,1.0,21,1,0.8148493718661092,1
0.025412102530376957,0.001811018382084051,4.002933495545414,0.004167290060238427,0.0,0,0.9088604713969679,0.868942492417303,0.0,0.0,10,4,0.01356883177922793,0
0.16069618607696973,0.01785446620543336,1.6259503211234745,0.04615574744197899,0.0,0,0.9666385413578207,0.8083918039262705,0.0,0.0,13,0,0.03941360467826282,0
0.8216057914983159,0.8933756198246209,30.25246526977782,-0.2998837925287281,19.0,48,0.2119987342927116,-0.6461080108187587,1.0,1.0,0,6,0.8229065736652696,1
0.08484440184939526,0.01753712786234496,4.344524922393591,0.059822529406373885,0.0,0,0.9125550214762653,0.5969315339684463,0.0,0.0,14,4,0.0520449404165286,0
0.1698446820988356,0.07308674752036443,1.3662976349910467,0.023918010421592563,0.0,1,0.9543024583957663,0.7481293764411807,0.0,0.0,14,2,0.02987828710542516,0
0.8771879021873855,0.9500306458863025,26.379928595340285,-0.23105525682712225,12.0,15,0.11462850189565679,-0.9101773420679342,1.0,1.0,5,5,0.8025512959414861,1
0.9007377218656478,0.9068279392271394,25.182702687386296,-0.22085424185914226,6.0,22,0.2734159994316847,-0.8538044880761297,1.0,1.0,1,1,0.9492261956477285,1
0.12909445918143356,0.04391349085702184,4.840967139573609,0.036775935087728966,0.0,1,0.958873152213132,0.859226973661275,0.0,0.0,10,3,0.013801548702005173,0
0.9923231614092332,0.9450222319866632,29.290066112038776,-0.41728092958234236,8.0,48,0.1963972373652812,-0.5280020466446943,1.0,1.0,22,6,0.9731454474213588,1
0.10444865201096087,0.08721239089441515,1.0007512212240504,0.008479201604580322,0.0,1,0.9487627809667211,0.8522772140137227,0.0,0.0,16,0,0.08936352533461338,0
0.816232844892743,0.9877753950284546,26.78832002431421,-0.4634294924553163,17.0,22,0.23792770393178123,-0.7922804918701696,1.0,1.0,18,1,0.8727798812990666,1
0.1972421488959206,0.04460057729579558,4.316668247859126,0.028218707469320016,0.0,0,0.9635954707163729,0.8157094606091881,0.0,0.0,15,0,0.020778342096169147,0
0.17741728485302347,0.015436271527420232,3.7482591587146237,0.0963115111589174,0.0,0,0.9057647582199025,0.6846403851077705,0.0,0.0,16,1,0.02536355555140383,0
0.19243450969490838,0.028869373677069987,4.997068628853333,0.057187227122718655,0.0,1,0.9001353625715468,0.6147990803769843,0.0,0.0,14,4,0.05892146143478555,0
0.19223811276478286,0.015524024593071251,3.5791248234104427,0.0043173735797011675,0.0,0,0.9360233918800428,0.8693615753632832,0.0,0.0,11,0,0.05583523150641137,0
0.034640373982003037,0.017803596686975145,4.341362527041903,0.04394049896944522,0.0,1,0.9552500967407889,0.6995176588212173,0.0,0.0,10,3,0.01805182283924236,0
0.16437201185807127,0.0914298806560499,3.5234038136832337,0.0825049410180062,0.0,1,0.9413642674918635,0.676894579368218,0.0,0.0,14,1,0.0012341046060374006,0
0.12670594215217895,0.060577481935688716,1.6755942712957095,0.09193919732144173,0.0,0,0.9485589699659398,0.8646723970439982,0.0,0.0,13,4,0.05941418627564576,0
0.08392001248555798,0.07375012481097484,3.2935388775043806,0.07987141916545747,0.0,0,0.9357814084113549,0.5774143062988599,0.0,0.0,11,4,0.09410482600383771,0
0.9471835907103978,0.813943885166746,25.11803373864933,-0.2783249395980835,18.0,25,0.2887106291298819,-0.9540077446646,1.0,1.0,5,0,0.9752584697047875,1
0.19859295922386008,0.02622640442998251,3.3379669278179236,0.09406792451153406,0.0,0,0.9302915728833193,0.9454277674915734,0.0,0.0,12,2,0.0728786222256576,0
0.04791237813339449,0.05371065418185478,4.18506664181836,0.030312835594532864,0.0,1,0.9071711888847651,0.8827733752579304,0.0,0.0,14,1,0.03238195749024314,0
0.12903455808189,0.04103968269896616,3.170028515498057,0.07900304363070615,0.0,1,0.9289244771972655,0.6854705040788827,0.0,0.0,15,3,0.06334117402421272,0
0.0046543871471651736,0.06589239419101514,2.574086769648451,0.050836054691627997,0.0,1,0.9687019266503243,0.5405745892681195,0.0,0.0,11,0,0.09157882394541272,0
0.8029217994217767,0.8974424013843828,42.26896270201833,-0.453206781445897,18.0,10,0.2619540807794525,-0.7088022457957485,1.0,1.0,16,2,0.8658011459324466,1
0.14073157187600474,0.03623938991166331,3.401141212156457,0.03382675059944984,0.0,1,0.9682617221223403,0.5076974458456542,0.0,0.0,14,4,0.04553831354806076,0
0.1754746143855911,0.0033532434735779383,0.05810269954050318,0.015004866469398427,0.0,0,0.962659251109321,0.8106462245248051,0.0,0.0,9,2,0.07803478627401586,0
0.05618690193747616,0.0350587558806597,2.106785011385351,0.08226143185136785,0.0,0,0.999281683899907,0.7825426562263782,0.0,0.0,10,0,0.07590869325556385,0
0.8824806120935732,0.987344911170698,37.07893802404386,-0.21451749652931712,14.0,18,0.21432553867223308,-0.82211295789967,1.0,1.0,10,1,0.9947384269700398,1
0.8562785964344326,0.9348075734849913,36.34946834300054,-0.47183785503899434,17.0,47,0.15019744126321416,-0.8878632908790474,1.0,1.0,4,6,0.8733915663633991,1
0.9264038416844873,0.8804614082764745,31.938810391422713,-0.30428829557935877,19.0,13,0.25591057375905235,-0.6629011885675351,1.0,1.0,12,3,0.9849302210810362,1
0.08207658460712595,0.020633371840579253,1.9812100945132938,0.0067612563592214904,0.0,1,0.9902453307285841,0.6104263914815045,0.0,0.0,13,2,0.016906177843971627,0
0.8804447469694225,0.841201135710408,39.81164757187476,-0.41811221842000046,18.0,30,0.2213653127177166,-0.6878136510381949,1.0,1.0,3,0,0.854908916948089,1
0.9918944365910825,0.8952644704413809,46.793412239674176,-0.4306415735175523,10.0,40,0.15858504068062457,-0.773065690002032,1.0,1.0,1,6,0.9287104245974835,1
0.18944971547677175,0.0010995828658480478,0.8857489472369295,0.051726905644160937,0.0,0,0.9519032280129549,0.7528170767109794,0.0,0.0,11,1,0.08835647283701904,0
0.8797284988426128,0.8803393785519553,38.72340260136963,-0.47965863054567154,10.0,22,0.2727909644019021,-0.6155099023856853,1.0,1.0,7,0,0.9033472089880129,1
0.9265605221323014,0.8053735308089871,30.759840890793775,-0.4851546720150791,19.0,14,0.1316904880361526,-0.7635603388947274,1.0,1.0,3,6,0.8207678772221856,1
0.8114234326740887,0.9672831193159713,39.62661386087039,-0.13666111590279617,12.0,26,0.2563270890886421,-0.9723251053909524,1.0,1.0,10,6,0.8878058487960896,1
0.9537840089142336,0.8760963770986072,28.03377423567901,-0.46773209304352903,15.0,25,0.2575353680671508,-0.9804606569990224,1.0,1.0,6,4,0.8247144981198982,1
0.05615447248817116,0.03924451074226354,4.321791249198185,0.04497846488213225,0.0,1,0.9483407435973147,0.5258343608289806,0.0,0.0,12,1,0.03898997462910806,0
0.8628087613836866,0.9044993617781177,28.683091040900656,-0.45883796466319976,7.0,41,0.18241931374162293,-0.8587506366895177,1.0,1.0,15,3,0.9583813076844474,1
0.965964252943457,0.8127801884096748,28.99622805332195,-0.4050055830551201,10.0,38,0.1190187295421459,-0.5976370081292846,1.0,1.0,5,4,0.8922067136195624,1
0.8629257817870398,0.8038896100736163,43.10063685367486,-0.2206648114882389,10.0,34,0.25441790477625703,-0.5478094326672382,1.0,1.0,10,2,0.9445223449668899,1
0.01033634423372154,0.07072386343133986,0.1579307241282102,0.09565013982994802,0.0,1,0.934882053396948,0.6026664693533998,0.0,0.0,16,4,0.07704472210739899,0
0.009290082543999545,0.08647223762550532,4.144577370753387,0.05391612766752545,0.0,1,0.9070932216133774,0.604592732703964,0.0,0.0,11,4,0.0420004074081405,0
0.9463124239122268,0.8891911090184204,41.46092345686669,-0.10789551687340038,12.0,45,0.16430836647957428,-0.9119801589225147,1.0,1.0,5,3,0.8771718893672218,1
0.9753227654031783,0.8460638449365756,47.978066225109316,-0.4241923827050493,7.0,36,0.16991703915687842,-0.801636199765807,1.0,1.0,8,0,0.9477556057837195,1
0.05598677938918857,0.039816869359094335,1.0960699367902216,0.0774633780637788,0.0,1,0.9476436986343791,0.6355481268820329,0.0,0.0,11,1,0.01660525214815364,0
0.967284184597128,0.8101014784765613,24.308641342064487,-0.36312543769653705,5.0,47,0.21148585585286395,-0.9357421657779418,1.0,1.0,19,3,0.9873131223316012,1
0.8651762685231581,0.8351344199911822,24.87683617794245,-0.2316540451992376,11.0,17,0.1887711982281139,-0.7818777758178413,1.0,1.0,18,3,0.9151099015662206,1
0.8851995038936856,0.8057888633486735,33.20540986091579,-0.4229235621228128,5.0,29,0.23155775600723721,-0.8317694187113939,1.0,1.0,5,4,0.8252271572591531,1
0.17822862273961423,0.02149403785907568,2.0207016082551648,0.051807876623881546,0.0,1,0.9457995759003571,0.5095644832186434,0.0,0.0,11,2,0.0059105820875654524,0
0.015546927392996969,0.01368186309189614,2.3174702190028618,0.006895801635642119,0.0,1,0.914696270958821,0.705979047517051,0.0,0.0,11,0,0.005097487702244241,0
0.8708754365972271,0.907126900117515,39.068959959201194,-0.11271646365483778,10.0,31,0.25685596299091384,-0.6352415357134389,1.0,1.0,15,6,0.8460989674703042,1
0.05730825042565688,0.04620058036441327,0.16601554395683282,0.006665204056068997,0.0,0,0.975342792225697,0.533751273341911,0.0,0.0,13,3,0.03991667945110196,0
0.9465718374663662,0.9591320461322884,24.948020805581933,-0.302687669064576,14.0,30,0.20036804851112766,-0.6266645176066815,1.0,1.0,7,5,0.8506914259346032,1
0.1223705789444759,0.05941307153521352,3.4871013362341996,0.0060267390289560855,0.0,1,0.9104224802808348,0.5381196089867822,0.0,0.0,15,1,0.08301509829979181,0
0.12150897038028768,0.08129010091300776,0.1850381735774631,0.031130769915600365,0.0,0,0.9254391580841848,0.5249895143298393,0.0,0.0,9,3,0.000968688274096774,0
0.879454294568092,0.8248843773703788,39.11257666564147,-0.28048805629479534,12.0,25,0.2145365631713379,-0.9436015405667115,1.0,1.0,5,6,0.9404194376758982,1
0.1481537235508409,0.056988968487131655,0.3622344389727944,0.032467592689006,0.0,0,0.9926382606730086,0.6670249828343846,0.0,0.0,13,1,0.06737017335421565,0
0.8161907472231377,0.8239061739094156,48.007413680200685,-0.4179119650823713,7.0,11,0.22617020772902233,-0.7832681501334382,1.0,1.0,15,0,0.8186574769443937,1
0.1702273343033714,0.06277080530714178,0.5865409448119724,0.0012120774643893273,0.0,0,0.9573528951455573,0.6252339493962495,0.0,0.0,15,1,0.05923013710620957,0
0.9586257075926112,0.8785818671209786,46.73065048901634,-0.44971763739515375,7.0,29,0.2755425921393879,-0.8384644657971244,1.0,1.0,8,2,0.9724305916586243,1
0.8484349300694941,0.8262117261608581,20.530101343863016,-0.358338321296202,7.0,13,0.27897384014110393,-0.8081043720465764,1.0,1.0,6,2,0.8545115497630802,1
0.9530387667508784,0.9769615894061302,24.19077117808816,-0.29231721015861595,9.0,39,0.15080620355979718,-0.6651580137683637,1.0,1.0,1,6,0.8199327844153552,1
0.05572929284732229,0.04984421989290573,4.336471004799012,0.07087446977429765,0.0,1,0.9636902317454743,0.5187855451994536,0.0,0.0,16,4,0.04640666894045047,0
0.8890819042211574,0.9065654074802789,32.03443908475393,-0.25177726119061655,7.0,35,0.26496743187914795,-0.8531838041200629,1.0,1.0,5,5,0.8887567158564672,1
0.9864977847179603,0.8885658740768648,43.30681244614618,-0.47533016655161703,6.0,22,0.23370098023019656,-0.8187451343389383,1.0,1.0,17,2,0.8491500624371776,1
0.1689750621938909,0.07159722288473976,2.2265262750133274,0.05903476904587729,0.0,0,0.9089289524525573,0.8364358342990399,0.0,0.0,16,4,0.07914097505069756,0
0.8465273276773551,0.8719439723820539,25.50270930493868,-0.3339377295770758,18.0,37,0.247785659226191,-0.7584940722258107,1.0,1.0,11,4,0.9993981005625102,1
0.9401870730035998,0.8895103710212124,35.00101746708824,-0.3738334434965266,14.0,14,0.12803308667654606,-0.7945954994951596,1.0,1.0,15,6,0.9886596794491305,1
0.8614291296208423,0.8632430245126661,41.46862150915357,-0.43004642552205496,5.0,34,0.2603238971964067,-0.8653201496682311,1.0,1.0,23,4,0.933520342716647,1
0.09789055205551261,0.074543947418433,3.400703858801502,0.03601364074715191,0.0,0,0.9311217495063394,0.7082829142411461,0.0,0.0,16,4,0.06522353531324408,0
0.14564326972237193,0.05707783046689119,0.14623641517279573,0.04472025405048357,0.0,0,0.9454001621196115,0.6519712561275137,0.0,0.0,11,1,0.011344081710391675,0
0.9004931299525532,0.9094609488229369,39.73848457344878,-0.4222145923270745,17.0,23,0.27369523024055387,-0.98692082883829,1.0,1.0,8,2,0.8756392699056439,1
0.9654997483271347,0.9713928829552478,21.577231934330094,-0.2194545758758234,6.0,34,0.28355172852703214,-0.5389755989364464,1.0,1.0,15,2,0.8340305282289034,1
0.9141522961918147,0.8738708260178865,35.39781513711327,-0.33743258359914485,14.0,44,0.1596115143589619,-0.6254210884117342,1.0,1.0,9,5,0.8681151874842238,1
0.9052165036834806,0.8675963100939672,36.2371464330149,-0.12089216718714069,11.0,18,0.26919305121970666,-0.6117212641073899,1.0,1.0,8,1,0.9275860979159332,1
0.13934743307283012,0.06718927435987285,1.9554076832588034,0.08733229158608077,0.0,0,0.9703857091634331,0.9114919025208837,0.0,0.0,12,4,0.06784911686505812,0
0.9491435332409575,0.8115482158934072,38.96360365746954,-0.3755221048783963,8.0,24,0.21229558874733534,-0.6629963217686444,1.0,1.0,23,6,0.9923280984630608,1
0.031198904067240532,0.01626169393448913,3.293916833553587,0.039882278089690054,0.0,1,0.9571772352048322,0.6452522528357102,0.0,0.0,13,1,0.0916942048200916,0
0.8752829925041388,0.8578487805639337,35.44352704799403,-0.3553570726298442,16.0,29,0.2038326079149081,-0.6117565593421666,1.0,1.0,20,0,0.9260069155084877,1
0.13660135468327136,0.04087341710980964,2.461389282240174,0.08407030280112,0.0,0,0.9909943143854392,0.7294702582984102,0.0,0.0,16,0,0.050249087682693205,0
0.8243759003562767,0.9430762034357311,29.471633893114657,-0.31889826491650397,15.0,21,0.23062734665837106,-0.9812238399699772,1.0,1.0,15,4,0.9718260719502467,1
0.9173023562074898,0.9593289738030276,20.875096768722297,-0.2674184208285503,17.0,20,0.15480831794085517,-0.9946638560755829,1.0,1.0,18,5,0.9817961783829728,1
0.8443034544226212,0.8857288558417064,42.611605296863885,-0.39726798490992593,8.0,11,0.292113707264687,-0.7644581352580373,1.0,1.0,19,1,0.854995838394728,1
0.826100911927488,0.8356832193126992,35.548391620661334,-0.4497671589159357,6.0,48,0.22521962039740934,-0.679903065731484,1.0,1.0,3,4,0.8677939852345643,1
0.8334919489035978,0.9995036262345349,44.9808123904826,-0.4991263428571005,11.0,29,0.1849657066353801,-0.6598811230781085,1.0,1.0,9,6,0.9440867404451556,1
0.8371923015114836,0.8694384335124424,41.44858470655332,-0.19502219122435993,19.0,12,0.2915660434950553,-0.8511631422035771,1.0,1.0,13,3,0.8935698366584086,1
0.8092126127363956,0.8547977563086037,40.519253897454234,-0.4025886644401855,12.0,23,0.17801720775604274,-0.7125804810700626,1.0,1.0,5,4,0.8330740851026373,1
0.1501229503281717,0.009944139275934516,4.849105225392724,0.07264617151130048,0.0,0,0.9950772707731338,0.76072451208344,0.0,0.0,12,3,0.046951866534563375,0
0.10030325893743992,0.014991742734877378,0.5246508920908743,0.03154068957480127,0.0,0,0.9278759872414554,0.6869605235064068,0.0,0.0,12,1,0.029807565052482277,0
0.9388034828211484,0.8383472434780533,33.33882973741714,-0.2853897566426207,18.0,24,0.2311258824228635,-0.9899736451079957,1.0,1.0,8,5,0.9132887370173254,1
0.1391948412187396,0.051883805712607214,3.2178884759826247,0.09678600348450306,0.0,0,0.9295290494047943,0.6337010139287707,0.0,0.0,11,3,0.05504717771029405,0
0.8141831918975959,0.8074793980817595,26.297541372441543,-0.14703632542248457,9.0,10,0.23231821319185308,-0.9078900503518204,1.0,1.0,11,1,0.852919422376206,1
0.11468757762465723,0.04094116521912405,0.28543428044657426,0.03683095305068484,0.0,1,0.9677813200310045,0.7513156213150652,0.0,0.0,15,3,0.019941159775853503,0
0.9315432294551907,0.8808483284214079,49.18381104969332,-0.45057340503936955,9.0,41,0.2966039996152717,-0.6986650195277475,1.0,1.0,9,4,0.9663570600370319,1
0.1452182667445323,0.0424130671302386,3.545302597254582,0.03497032297458496,0.0,0,0.9072316475257939,0.8283780317372785,0.0,0.0,12,1,0.07323884465975548,0
0.8605659777957485,0.9236581597509577,49.78830397348722,-0.44085902485504647,18.0,17,0.21678530783954825,-0.8263561669236628,1.0,1.0,21,4,0.8655132587844252,1
0.13914973779692344,0.0770912203745822,0.6010452768530422,0.08026433097957104,0.0,1,0.9473809828397947,0.8038763415478263,0.0,0.0,9,0,0.016987259440447634,0
0.01569127626845319,0.08388980864459342,4.474083280302638,0.0764372662221736,0.0,0,0.9707086477266698,0.5460334930412377,0.0,0.0,13,4,0.093064247635196,0
0.023973073466736564,0.05116774421156661,0.40523107953823967,0.06649117244872181,0.0,1,0.9916635235841207,0.6035379046054277,0.0,0.0,9,4,0.0791463540889519,0
0.9360958925048748,0.8359199562880192,36.17573238540899,-0.22416677378670807,11.0,19,0.27169405051965256,-0.9726064760382256,1.0,1.0,0,6,0.9244058958504019,1
0.11715511625469266,0.04720669451099993,2.108604634367277,0.046053949727414,0.0,1,0.9276169557820899,0.5045270807901855,0.0,0.0,13,4,0.011647784967333707,0
0.9179306990303095,0.9423555889981899,37.55105506155986,-0.37197730924588357,15.0,38,0.1942732968815687,-0.863857169645933,1.0,1.0,3,3,0.8684531185579493,1
0.9007416774168142,0.9904287834152703,34.494039366964984,-0.21689871695784074,12.0,19,0.16723205154890397,-0.9578060260525065,1.0,1.0,18,1,0.8270837699635657,1
0.9087946222569935,0.8524970015801182,33.89598308926762,-0.32254170048057107,19.0,10,0.2883633000100312,-0.7641957146294538,1.0,1.0,17,0,0.8815769853700718,1
0.07189823024395103,0.034208174871590745,3.0001027405965184,0.037588828514576934,0.0,0,0.9687722042430561,0.5341766001549793,0.0,0.0,14,1,0.04920544893824006,0
0.014759312947079772,0.05950779307002549,4.039229709706293,0.025929675886577377,0.0,0,0.9065694858954366,0.6207684208508408,0.0,0.0,16,2,0.004697299109813979,0
0.8231116753361264,0.9861997239425169,20.55593700783,-0.3734181693866169,19.0,12,0.2802893659076759,-0.551050947612874,1.0,1.0,10,2,0.817249834260793,1
0.8255140349142742,0.8599337367682982,25.48593580264617,-0.41315870821204387,14.0,26,0.25457611549270365,-0.661805310972545,1.0,1.0,17,0,0.9915670608897006,1
0.9863395947362338,0.8562701243707683,27.65280298497138,-0.14907610552278572,7.0,17,0.2092780934423472,-0.7892228758909829,1.0,1.0,23,4,0.9011484596710889,1
0.8661122004612583,0.8836582222186972,31.903679762437527,-0.11867345111961575,5.0,42,0.2312405960747213,-0.5128252717379846,1.0,1.0,20,0,0.989546560801261,1
0.058245828039608386,0.01504168911035282,0.1697298929289942,0.09270345447963067,0.0,1,0.951236377754579,0.8398101663675539,0.0,0.0,11,1,0.023499427753469162,0
0.054166450252414844,0.011323804584075526,4.074125568732561,0.009839564971339733,0.0,0,0.9500624268070418,0.975711610422783,0.0,0.0,11,0,0.09665475165520825,0
0.0797009468794747,0.014866272775311296,3.713532605999905,0.09430758377447077,0.0,0,0.9142875961339412,0.5942703028746256,0.0,0.0,16,2,0.052525841878158334,0
0.023763583253614384,0.07380336164263705,3.2944273511632858,0.0785651618080232,0.0,1,0.9293308610780565,0.8052733775077123,0.0,0.0,13,4,0.08223391114568475,0
0.12622772519945258,0.016365594286570452,2.046670031575215,0.06152194382310109,0.0,1,0.9794210662549405,0.9851285548630285,0.0,0.0,11,2,0.08987878897373477,0
0.15903723895374075,0.04508393714041321,1.6972509627140302,0.017410933533408435,0.0,1,0.9076862075276164,0.5377918069270335,0.0,0.0,15,4,0.030301750698203,0
0.08542155772525127,0.036891363956977244,2.7542868530456968,0.06900048908206657,0.0,0,0.9275381174255418,0.7381678666505493,0.0,0.0,16,3,0.05236005471526117,0
0.12517198314284728,0.05953850173200438,0.2005459570624124,0.0645810812655206,0.0,0,0.9133828362999693,0.7167913963163072,0.0,0.0,16,4,0.06756213095982433,0
0.19264450788812226,0.047605040219909966,3.9119274202913674,0.0026196708532064796,0.0,0,0.9023594964645529,0.8662005245291895,0.0,0.0,11,4,0.07964843893295809,0
0.12364361266325222,0.09844021807035522,2.444232901284601,0.0560660094416171,0.0,0,0.9014693388654954,0.6549034376612345,0.0,0.0,14,3,0.02833640688911182,0
0.14060379177903556,0.024247050363472966,2.4757326350698716,0.015241601333041744,0.0,1,0.9601074166800233,0.7047060359085091,0.0,0.0,10,3,0.00932714467781699,0
0.17262068517511872,0.045913575623826135,3.9317250720777603,0.023194709611597544,0.0,0,0.9257607220333722,0.7404450733015044,0.0,0.0,16,4,0.058483863168888206,0
0.8720788080108223,0.8900219717370059,38.56240947372819,-0.24649836512386547,8.0,39,0.18358149675908186,-0.5560703251322237,1.0,1.0,19,1,0.8463719227765697,1
0.10990577646474711,0.0022469308320117397,4.825593482180228,0.009299063982313217,0.0,0,0.928740959646558,0.5928233524506215,0.0,0.0,15,3,0.04151249395347211,0
0.8174142411154617,0.9851654748887035,22.450392945990618,-0.4437970787565627,9.0,25,0.24968126888100756,-0.9488678595014419,1.0,1.0,5,2,0.95958863785066,1
0.8404298798450542,0.9319986900270635,26.531746963967066,-0.32281959570082686,15.0,42,0.2922669262389612,-0.6279366571428149,1.0,1.0,6,3,0.9126253187784094,1
0.12751149427104264,0.012887972191064924,0.8351697304603761,0.040431876810429215,0.0,0,0.9369053021760917,0.5224556494978079,0.0,0.0,16,2,0.031191190553670523,0
0.9224551531387745,0.9202768141377127,34.506495523711074,-0.3802169104262981,15.0,43,0.16402202820118023,-0.5947817071921874,1.0,1.0,21,0,0.8568208298454867,1
0.9806447254689414,0.9704424782403348,26.69029470601199,-0.27702361313456003,16.0,23,0.12023276230350824,-0.9289295732010412,1.0,1.0,14,4,0.894059244538315,1
0.19272399541785057,0.0906472110964547,4.604239239078434,0.0760289823122135,0.0,0,0.9980739343583429,0.6450227659812184,0.0,0.0,15,2,0.04764612712393995,0
0.18804604828499152,0.056484113326261645,1.384138986175258,0.08419985528900616,0.0,0,0.9706976487455716,0.7947269947423485,0.0,0.0,10,1,0.02542612314448646,0
0.93155307665452,0.806477827555199,37.34655143669869,-0.22901465830401063,6.0,21,0.28621805810160295,-0.7727888404202294,1.0,1.0,18,2,0.9209900026295409,1
0.9773005053283805,0.8622763879785169,27.179968596420757,-0.13878885060287532,16.0,39,0.23758201829106487,-0.6954855276465421,1.0,1.0,23,3,0.9906249225015931,1
0.876946515301489,0.8114620620020974,49.971484943109346,-0.22129807402583823,12.0,49,0.16296101178411365,-0.7222374659686401,1.0,1.0,2,0,0.9172364708176683,1
0.8107544623323967,0.8127759534861806,38.956404777406554,-0.20898542910794293,11.0,35,0.18631686582350182,-0.6847203828271309,1.0,1.0,12,6,0.9464581134851392,1
0.8654841917466897,0.8202759684939728,34.97559352799991,-0.49363189309488054,7.0,25,0.17955467030620792,-0.866550355950614,1.0,1.0,15,4,0.9691489756651527,1
0.9157955293108291,0.8656770999233211,23.872585854273854,-0.319485929128944,11.0,30,0.2515096786266743,-0.5587649025284323,1.0,1.0,1,3,0.9300593948147016,1
0.834319273413038,0.9847329675099306,30.523328690309363,-0.10006030220543988,9.0,27,0.16996067090231587,-0.9341281001840179,1.0,1.0,6,3,0.8657491976699213,1
0.13039225190052012,0.04715761885501584,0.8181191059583459,0.07807615860684398,0.0,0,0.962340595815944,0.6678052271349213,0.0,0.0,10,0,0.0924254274603116,0
0.8167449875690698,0.9566000462694404,37.650970676529695,-0.3806027607700147,11.0,14,0.21231687219338163,-0.5967520269473774,1.0,1.0,9,3,0.9231248793366253,1
0.05547623659622654,0.02721451372299627,1.1363481363157573,0.06102251494776413,0.0,0,0.9195833084134271,0.7704525019190405,0.0,0.0,13,0,0.054986417836439816,0
0.8036550139447013,0.9946521766060983,43.74088757368658,-0.16578391018251698,14.0,29,0.12969663660105687,-0.8419976385668031,1.0,1.0,23,0,0.8456711228357696,1
0.008145760463794028,0.041892544950454795,3.2516284317346846,0.06564786073315027,0.0,0,0.9624783862789402,0.8400559427234864,0.0,0.0,13,4,0.045744305586988825,0
0.9566430909313357,0.8070430347051047,49.9495626971287,-0.10756095019459616,17.0,25,0.20948128120024506,-0.5226799196418843,1.0,1.0,4,6,0.9188663467853192,1
0.9620936434430932,0.8082136345580812,46.33076536483544,-0.15674442998933824,18.0,29,0.15508598072789456,-0.6325747397501995,1.0,1.0,15,1,0.8504139773700343,1
0.1544489538593315,0.05139894891598108,1.4815406022799504,0.058660846317547415,0.0,0,0.9907611002556554,0.963097034215891,0.0,0.0,13,0,0.020858836774105074,0
0.8578881789936417,0.8691717715950539,26.085597161835956,-0.3114712823579726,9.0,20,0.2923729748695997,-0.8681972800965593,1.0,1.0,20,3,0.8315001096151609,1
0.9283137133369989,0.9986530392859493,49.49194098844461,-0.4505236597544957,16.0,25,0.28499538964700694,-0.7202623702718269,1.0,1.0,19,5,0.9960941595566142,1
0.8663972942865406,0.9248481473995036,20.23299926461906,-0.33724062744374883,14.0,41,0.19201282334951236,-0.6620037551218299,1.0,1.0,17,5,0.9050863996619285,1
0.9607510472023526,0.8950771710710965,42.55383762101769,-0.46719570351672496,9.0,22,0.16863477144145672,-0.7686560841560865,1.0,1.0,16,2,0.9722017642616028,1
0.19713009082212016,0.04316595462296794,3.0930568910759213,0.008764274676383854,0.0,0,0.967712063973501,0.7612550905427942,0.0,0.0,10,4,0.025108010366516775,0
0.9644456225154021,0.8033320942488432,22.603488621949715,-0.3580275196127935,5.0,39,0.23668689741078341,-0.8056838548005805,1.0,1.0,11,1,0.8167795921257819,1
0.10934205586865593,0.05203077009037933,4.350494369504649,0.0043412532854819165,0.0,1,0.9108025754130692,0.9905889183811473,0.0,0.0,9,1,0.00931961195626947,0
0.03216161028349973,0.06815027222239294,4.985622500788556,0.06502010923981534,0.0,1,0.9401778800654325,0.9035354519333515,0.0,0.0,16,4,0.012736947344788108,0
0.9238336088486117,0.826665363268515,28.075692184199156,-0.24715102862039073,9.0,20,0.2098536986696885,-0.5983682996864359,1.0,1.0,11,2,0.9086939739962726,1
0.006877704223043679,0.022864280550346273,1.5937625146603496,0.056731221962890356,0.0,0,0.9206992578438427,0.7847698897835518,0.0,0.0,9,4,0.05353679411816512,0
0.9616135634232046,0.9748027342617431,37.20295476066983,-0.14687073492860248,13.0,24,0.11790403935936847,-0.5971623104786479,1.0,1.0,2,4,0.8513663149134117,1
0.854530129462497,0.9489650151059826,22.68698072948932,-0.33682487265286354,10.0,28,0.29354799093181716,-0.8477123168557158,1.0,1.0,19,4,0.8908334940335528,1
0.17971083770541585,0.013441467693897424,1.6180510957477061,0.050614186284024414,0.0,1,0.9347277039030508,0.7308580719065596,0.0,0.0,14,0,0.012777465278999046,0
0.10171413823294057,0.008870253375705562,4.638761415976065,0.035499630583193734,0.0,1,0.9873698593466345,0.9591195433377185,0.0,0.0,13,3,0.044452825305015965,0
0.09903538202225404,0.060617463445088005,3.953615824194818,0.010687692309474384,0.0,1,0.9280683215515975,0.990571865895911,0.0,0.0,16,3,0.006188570168047525,0
0.9157930640591609,0.9028163841532371,48.86638730347834,-0.3654617093137672,17.0,10,0.241343715408912,-0.9654129047472915,1.0,1.0,4,4,0.9002239401650697,1
0.9311806626196799,0.8715922389065529,45.86634269965815,-0.3401367991656985,17.0,33,0.2823182455612253,-0.9795242339252601,1.0,1.0,18,4,0.8328785368656829,1
0.8126259818415933,0.8484514315169536,20.069702183957908,-0.11797472514950536,8.0,27,0.2554665028164387,-0.5436063073067373,1.0,1.0,18,6,0.9274890757435804,1
0.9124858748235842,0.8316896074379813,33.478236408699495,-0.2921259875398492,14.0,42,0.1711586255641986,-0.6337792704347753,1.0,1.0,11,0,0.8060040451434674,1
0.04985844582977499,0.04607787680327258,0.8694762460974365,0.05190597909082704,0.0,0,0.912055841640369,0.7529789538674658,0.0,0.0,10,4,0.011728014780044505,0
0.8085479212123903,0.9136863908661007,26.112664575498314,-0.43455340450297797,10.0,18,0.1994481695761287,-0.6076382924103209,1.0,1.0,14,0,0.995982886556476,1
0.1085392166316497,0.05899176868546331,3.6879115079444573,0.042373825364876286,0.0,0,0.9131489119897982,0.8858134554893038,0.0,0.0,9,4,0.0727529230225095,0
0.02022453522455805,0.052569018230268584,3.3343212877305217,0.06034876665964548,0.0,0,0.9379094048671937,0.6249784731988106,0.0,0.0,10,4,0.08372372182218181,0
0.05714241725637215,0.07190459051842456,4.885870921106586,0.018447625313363938,0.0,1,0.9646458741637931,0.5826422450714788,0.0,0.0,12,1,0.04515655866055751,0
0.06506606615265287,0.06203095513534647,3.1375273160918504,0.09000231233980112,0.0,0,0.9345223142801692,0.859165587686002,0.0,0.0,15,1,0.028732671650890197,0
0.8433158371254482,0.9572663310790082,49.18532475980067,-0.34510158071860997,14.0,35,0.2865072171604448,-0.6347918674901323,1.0,1.0,12,1,0.9817835488242908,1
0.8294454148821034,0.9438151241021624,47.416288709653884,-0.12187718389934532,19.0,12,0.23908213419394486,-0.5051317011438645,1.0,1.0,10,4,0.8666015266104489,1
0.0912139968434072,0.08383287047111379,4.721332445567169,0.04858717591863257,0.0,1,0.9950531052586203,0.7732885710161475,0.0,0.0,13,2,0.027989265224642693,0
0.8236444824144921,0.8944452851512409,30.343093006996224,-0.3313955269958838,19.0,21,0.243290596311758,-0.845135389124335,1.0,1.0,1,5,0.9971983144341319,1
0.9452222518689274,0.8849907038124861,47.94436977790042,-0.38556403118749577,6.0,45,0.10448984968626494,-0.9332655603589357,1.0,1.0,23,4,0.8225008266476184,1
0.8462559856631912,0.8440638197243935,37.47601332322208,-0.264749573812858,10.0,18,0.29851954371633205,-0.7813262137837026,1.0,1.0,14,4,0.9744925630167348,1
0.1973279157002351,0.055417800251579344,0.46950357894709194,0.03342383186960608,0.0,0,0.9595131674905681,0.9568942219366297,0.0,0.0,10,4,0.05980091173287497,0
0.9026350164564072,0.8994507773181756,27.821263223985568,-0.23306726013292267,8.0,44,0.22479190188640286,-0.6220170755343759,1.0,1.0,8,3,0.9545747872763706,1
0.9090980680989672,0.8777536825723194,27.51020802144158,-0.2754246488267502,12.0,11,0.19179394361306976,-0.5971035670208826,1.0,1.0,4,1,0.8011541322585937,1
0.1872309548321562,0.06200727559285135,1.0026236335016836,0.09595766443210335,0.0,1,0.9853961966955422,0.9530435302406303,0.0,0.0,12,3,0.06666170848793723,0
0.888107831974599,0.8216310029146714,41.666482960209386,-0.1937826521243189,17.0,19,0.27824015948036185,-0.9400559842580773,1.0,1.0,12,2,0.8286162790834628,1
0.9209678858725162,0.8497638054039864,29.472302074521114,-0.15872967509687985,5.0,13,0.15260723550778604,-0.7690373978971325,1.0,1.0,16,6,0.8524225944033593,1
0.8793510112911059,0.8406975989110625,49.51792820427207,-0.2556294450066088,5.0,39,0.21133641053635072,-0.9408188860743509,1.0,1.0,23,1,0.9106855401574137,1
0.8174218578922868,0.8005416299640905,32.380347451374476,-0.3028414857661589,14.0,48,0.226089623131598,-0.5344870035124663,1.0,1.0,10,4,0.8128638446387167,1
0.18107012839121275,0.018192813049527114,4.545162603328205,0.016481481572943713,0.0,0,0.9270393286384526,0.5068727770056727,0.0,0.0,10,1,0.08699378328976891,0
0.19391692555291173,0.052016350111199344,4.3735083634209975,0.0951403342206657,0.0,1,0.9802585679579813,0.8962975581441917,0.0,0.0,9,2,0.016333664808905725,0
0.06017566196335394,0.03274973521779147,2.8286598199789554,0.062358568800275974,0.0,0,0.9142594144081909,0.8273253434329773,0.0,0.0,12,0,0.07658290392349099,0
0.1856637125175451,0.08995745732745686,3.131101608157077,0.04813441516353237,0.0,0,0.9492325480001182,0.9326478794544562,0.0,0.0,10,1,0.08913182063602987,0
0.0682132702100517,0.081707207094928,4.814960019294973,0.034609972653778555,0.0,0,0.9602942876479461,0.7953189169973189,0.0,0.0,12,0,0.0024684157224584614,0
0.0176985004103839,0.013401522845064073,3.8359414446556346,0.06109809888509918,0.0,1,0.9087092766795771,0.8786551035672194,0.0,0.0,11,3,0.01932494152341682,0
0.0013904261062381408,0.00366832028905979,1.86344258506157,0.009667644964671963,0.0,1,0.9446419516401582,0.7955651516292582,0.0,0.0,11,4,0.04922323151824083,0
0.9429799068182627,0.8367569330215803,33.07016198366871,-0.3843453126324956,14.0,48,0.25148502067466494,-0.9292393987750199,1.0,1.0,18,2,0.8603669321785791,1
0.10554022181725997,0.0031183135061284674,1.6351658078161935,0.029872557358877307,0.0,0,0.9398005292954503,0.5828740884826104,0.0,0.0,14,1,0.06907263151132631,0
0.1355128723684565,0.017337359529475484,3.084634591878711,0.03806232934765801,0.0,1,0.9160024936463195,0.6626475670115155,0.0,0.0,13,0,0.07774554671823856,0
0.8822408134423708,0.8230725602611408,39.04789190353232,-0.34545274514527724,7.0,44,0.2450956068030974,-0.6231096994567924,1.0,1.0,20,2,0.8951310061849834,1
0.14929828102360485,0.09650269106665127,3.4024965103735654,0.06950352288585532,0.0,0,0.90394595328909,0.7810363972012855,0.0,0.0,15,0,0.06449029052923559,0
0.08348220062975581,0.07133495858845525,3.6171005684429245,0.07561633288952462,0.0,0,0.9822422373668278,0.6657823495335968,0.0,0.0,14,3,0.06520930618816506,0
0.9563265116106494,0.9658770300284749,34.76276031050294,-0.4117203700858659,12.0,41,0.15953575171247442,-0.6471703330630267,1.0,1.0,3,4,0.9383011091627189,1
0.10375812434867322,0.05326172664550232,4.256034570243844,0.03993159158093082,0.0,1,0.9371172423437628,0.7534602189809173,0.0,0.0,12,0,0.028783129885160588,0
0.836234370170004,0.9623144008703096,27.953397512454465,-0.11566823316792463,19.0,21,0.29628951908582585,-0.9137768055130704,1.0,1.0,18,5,0.9309242387030926,1
0.9500521588174631,0.9072310772505472,20.205222444450907,-0.4323187793290993,16.0,28,0.26252252781763435,-0.5517478745205027,1.0,1.0,21,4,0.8851111755393435,1
0.9417798225546632,0.8158426300016742,27.103927563685403,-0.2128517677792286,17.0,38,0.2507220262955974,-0.8952326880249372,1.0,1.0,17,2,0.9568374358464159,1
0.8080577891469085,0.9345511972493848,46.379733900876815,-0.32105978039774974,13.0,26,0.29359395935399113,-0.7164836082493862,1.0,1.0,23,2,0.8128981360911693,1
0.0883061002746754,0.02686773593849461,0.02469990467204808,0.05882022669483905,0.0,0,0.9367785987756153,0.8321096924944842,0.0,0.0,12,4,0.0014330905867001255,0
0.8665561737921591,0.851495795228745,31.600893499623858,-0.3565091921815605,12.0,43,0.27499753761053025,-0.9832270642939211,1.0,1.0,2,2,0.8083760787677552,1
0.8274723491937349,0.9085146653931911,26.692590035869245,-0.144499006499891,16.0,45,0.15392687984384085,-0.8550596602330702,1.0,1.0,18,3,0.8592131020077894,1
0.19737738732010346,0.03482554670233003,1.4361949582704088,0.04517676787372291,0.0,1,0.9411021075265545,0.6785146719850061,0.0,0.0,11,3,0.02162505281865289,0
0.16073441537982291,0.006107795985486376,0.45743418698877436,0.09941393612211676,0.0,0,0.9123003295123746,0.7583491926131338,0.0,0.0,14,2,0.06653652084189043,0
0.07412842941337819,0.08297418037072017,2.2187510965228556,0.07076809347409158,0.0,1,0.9464095159453504,0.6633712710150204,0.0,0.0,9,3,0.08548057787992615,0
0.13152257846006868,0.0938340456821038,4.754317811252052,0.014224936868719618,0.0,0,0.922774973610321,0.6902588549349473,0.0,0.0,16,1,0.08912000730636024,0
0.828398851870417,0.9677217775067924,48.50921041208544,-0.31600733212875964,11.0,11,0.14651361485136571,-0.5233814106093836,1.0,1.0,16,5,0.8678406862543836,1
0.051588325543031124,0.09293759891275859,0.5125486399533963,0.013252467274184844,0.0,1,0.9961135485407593,0.8546604142363048,0.0,0.0,14,3,0.01274856801402462,0
0.9373027886086505,0.9513855318682883,28.250743174633932,-0.38513409394777703,12.0,11,0.13010891761244495,-0.6091564511168013,1.0,1.0,2,5,0.943911682653087,1
0.1156560281992348,0.01815977168014257,1.6323065412199593,0.06593539222057827,0.0,0,0.973786951856153,0.6389263880448561,0.0,0.0,11,1,0.029566503927161914,0
0.8138307135437003,0.9476336541073688,45.55371015981625,-0.3968886047184035,8.0,22,0.10101576259514544,-0.5586091501867516,1.0,1.0,18,6,0.8797118448288256,1
0.9717522859677408,0.9230129259715623,20.111072204972505,-0.12364803746340614,15.0,41,0.22325080811416248,-0.9459612531668058,1.0,1.0,20,3,0.8630016550379549,1
0.03224425745080089,0.07994103989090427,1.1222028591833033,0.06508773690471942,0.0,1,0.9422034260127639,0.6412393719885133,0.0,0.0,14,2,0.09851745550906749,0
0.10812702432202131,0.05762883601668132,0.25985641825736205,0.03532514085020642,0.0,1,0.9808235210009222,0.6342668780338037,0.0,0.0,16,3,0.09415768527339338,0
0.8880142150132997,0.8974812606201615,47.18302786041278,-0.14454315446539306,15.0,24,0.2691102390993799,-0.7067702438126011,1.0,1.0,20,1,0.9026439951655638,1
0.020294308573206424,0.0322353844974723,3.416476883032526,0.06408263146902063,0.0,1,0.9444043749202203,0.8644905308279083,0.0,0.0,12,4,0.06846261942649663,0
0.1579236285589108,0.048743119824951366,2.536174043441962,0.0003218263604278682,0.0,0,0.9395130907611503,0.6301182989926146,0.0,0.0,14,2,0.00145671547512789,0
0.830274234252655,0.8228474277182792,37.780881999286336,-0.42622592376629403,6.0,26,0.277521665898791,-0.8292151835278625,1.0,1.0,4,4,0.9131114966452775,1
0.19517041589250694,0.07364442356247229,4.354845618730428,0.0774653531181182,0.0,1,0.9955115207291702,0.9842686658499461,0.0,0.0,12,1,0.09241077159112795,0
0.9546367002517516,0.9993618361362218,44.51321297500284,-0.3445476217571589,13.0,22,0.21701556327464322,-0.9776693918105506,1.0,1.0,17,1,0.9471435973556219,1
0.8955484252799072,0.9734354708902705,25.770390894617453,-0.4959542273356657,6.0,47,0.2943032713608278,-0.8273280110368348,1.0,1.0,2,1,0.9104444560347693,1
0.9140818982807284,0.9674899190166923,33.761153470026144,-0.29091621837295956,6.0,38,0.2351288127729777,-0.8208187321710858,1.0,1.0,14,0,0.9628417534109326,1
0.8632155367686528,0.8530162568677145,27.966727940372408,-0.114762347640879,9.0,17,0.26154785864014285,-0.5128475184447613,1.0,1.0,23,1,0.8829695213121092,1
0.03731401177720717,0.027687764814720375,4.387304313151902,0.06618391898493786,0.0,0,0.9558642396450425,0.8793881268786625,0.0,0.0,12,1,0.05007109258366713,0
0.12992657980944294,0.012429722348554474,3.2725560714056763,0.09836789252634137,0.0,1,0.9475546037486827,0.9735453335542595,0.0,0.0,10,4,0.02882515771673685,0
0.9253936869057433,0.939238490060218,44.20320708946302,-0.13298204216146203,12.0,35,0.17127809985998083,-0.5068359132199369,1.0,1.0,14,3,0.953572184625171,1
0.031203728088487304,0.06847311725538793,4.032805739307249,0.03801956187858571,0.0,1,0.9878978900282267,0.958742921565995,0.0,0.0,9,4,0.04968955185000489,0
0.16202267893583616,0.08464522917345182,4.300611985946023,0.0785016543837057,0.0,1,0.9134435129408122,0.7163834397996314,0.0,0.0,16,2,0.02260331967886521,0
0.02391884918766034,0.013882717264941015,4.713658870675628,0.06924361513243697,0.0,1,0.9751178047808418,0.69622909311474,0.0,0.0,12,2,0.06481050345341234,0
0.9103872722120934,0.802732337094122,25.33652176203499,-0.1336260149955385,6.0,39,0.16492175961938893,-0.8969014603723988,1.0,1.0,6,3,0.8992150957001063,1
0.9411912473160015,0.8048082474732876,30.357936561711593,-0.3343473941683607,13.0,18,0.20072398759472027,-0.8702247833634587,1.0,1.0,17,6,0.8489232548104533,1
0.07485415915122406,0.06514203883518642,3.363010591125631,0.07848969771114676,0.0,0,0.9009923821127835,0.976407508501253,0.0,0.0,16,1,0.03851026028230297,0
0.17323522915498704,0.08225372429231691,4.2459782578265965,0.053360254672687846,0.0,1,0.9430427410320991,0.9450705686980073,0.0,0.0,13,0,0.013050126411718422,0
0.17109211680220146,0.09148459010681001,0.9977122546457257,0.012809574636620004,0.0,1,0.9071775806226513,0.7040758454333491,0.0,0.0,11,4,0.039694797293429285,0
0.039048597559608905,0.03588304841235025,3.2583341268794253,0.013071037674019948,0.0,1,0.9462675605065394,0.7732151580389237,0.0,0.0,13,2,0.09888355313891645,0
0.9823637257372183,0.8226599208796536,20.749522468455485,-0.3466448545472006,17.0,30,0.12949052009498024,-0.850726037008918,1.0,1.0,9,5,0.9276006470432496,1
0.027504188829198653,0.08655071258939803,2.7063328933805515,0.06949510889024617,0.0,0,0.9888403672308681,0.6965976005139611,0.0,0.0,10,0,0.016590102437078626,0
0.9422001923899622,0.9500661551639912,32.929511865446095,-0.233667668939255,19.0,22,0.2443600843099712,-0.7143930451926013,1.0,1.0,21,1,0.8611152918655651,1
0.8979740953435489,0.9665874784637323,40.314349000150074,-0.35355475282849946,11.0,36,0.19046280701026708,-0.5749140273974762,1.0,1.0,9,2,0.8807622010494999,1
0.06816070805060358,0.06680851365706462,1.6850158821564314,0.05550849493022863,0.0,1,0.9048186012393297,0.6344267571910968,0.0,0.0,12,1,0.07859252762089135,0
0.9663081572675332,0.9165372293109166,35.72588813189922,-0.17910032830595435,5.0,19,0.1289865054219001,-0.689590598247054,1.0,1.0,10,0,0.9985607956372029,1
0.07203812828225258,0.061145423543464784,3.4473248456863286,0.06802277792083533,0.0,0,0.9613604114237458,0.7018005011807956,0.0,0.0,10,1,0.054477222698278885,0
0.16452011213193166,0.050588867888446604,2.8377042413077906,0.05122219208126745,0.0,1,0.9845921439677732,0.5566517523637321,0.0,0.0,14,2,0.0977031676545176,0
0.8418911539019023,0.8099322982919438,30.433472091466616,-0.19073292330121644,19.0,37,0.2097268610389167,-0.9726576896233172,1.0,1.0,10,4,0.9379642142657524,1
0.8257192971921106,0.9655350389562544,36.61938461660242,-0.48746293245645334,10.0,15,0.24741270352883504,-0.5750312542976381,1.0,1.0,3,4,0.9433263873404063,1
0.9151571725548824,0.9308692919305716,20.022431251115933,-0.32928385112243225,5.0,28,0.1584830167768496,-0.9736216925839546,1.0,1.0,12,1,0.815219997796155,1
0.028016803047304806,0.024848913981446577,1.5518097946178688,0.00980825807842446,0.0,0,0.9448319055369422,0.6533882997610706,0.0,0.0,12,0,0.09946841651964872,0
0.8919289194771475,0.9323407690962694,46.14757648587219,-0.4463900422724033,6.0,18,0.2938882938264513,-0.5971265539109399,1.0,1.0,10,6,0.8863687384624059,1
0.12999278615555304,0.07222525683930663,4.933312966335732,0.043760312405539195,0.0,1,0.9957448019038097,0.820867198649279,0.0,0.0,14,0,0.07715120619984878,0
0.8685677929610902,0.9027910893381417,24.483087755548826,-0.11591277104687014,10.0,25,0.20613903795270427,-0.6737576357969213,1.0,1.0,18,3,0.8000105653864594,1
0.14291918454001248,0.0004632023004602859,0.7977234005659417,0.012138641815940644,0.0,0,0.9906111002132497,0.8050037085397428,0.0,0.0,13,2,0.04667280937679505,0
0.06759903137030716,0.05427244433475962,3.5123248527205195,0.09017619921354236,0.0,1,0.9828469299449117,0.70916693205114,0.0,0.0,9,4,0.04741642962719864,0
0.1754944027054106,0.010410858198457384,1.2906671635056377,0.0761121537043158,0.0,1,0.9166953088747198,0.7721269830568489,0.0,0.0,15,2,0.09877495390991886,0
0.09875911927287816,0.04739616402628724,0.8826401600275413,0.05783869170064091,0.0,0,0.9668572646722914,0.6785605796502514,0.0,0.0,10,0,0.010559154597664001,0
0.8229812686723821,0.989704065502783,38.93351083676704,-0.1810652777400149,10.0,32,0.24663060462131706,-0.8953390919764914,1.0,1.0,5,6,0.9198587132620958,1
0.006285837137346851,0.016893506307216456,0.28921338281698183,0.01918673247187429,0.0,1,0.9636096046409542,0.8283155368539381,0.0,0.0,15,3,0.0034939246405988446,0
0.8424571283337183,0.8114473387033619,21.630442950459713,-0.20863100508022475,8.0,31,0.1080249240522019,-0.5090473388565286,1.0,1.0,15,4,0.8577874033315166,1
0.8890905859468576,0.9641183578648296,30.824189341340077,-0.3230658167799138,17.0,36,0.23976673408920657,-0.5425710970396203,1.0,1.0,5,3,0.844529847045357,1
0.03993475643167195,0.041481950233766524,4.310213254946567,0.028487290196192283,0.0,0,0.974359391617656,0.5219499713215026,0.0,0.0,9,1,0.0035930182185972995,0
0.01029575024999787,0.07891712386073384,4.2529086454712095,0.0782028087670386,0.0,1,0.9645822386286484,0.7126140927188469,0.0,0.0,13,2,0.0018386142151597285,0
0.8480438866416772,0.8321267225237102,21.524077690668268,-0.3803006322959358,5.0,28,0.21472557158858158,-0.8361143970793905,1.0,1.0,19,1,0.9867717591571479,1
0.05864215433961291,0.02944657595419177,0.19671770334254823,0.08861957804650746,0.0,0,0.9136600903651173,0.9635553144292137,0.0,0.0,15,1,0.006810902472352254,0
0.9877329626586744,0.8857528582229367,45.98698610803011,-0.34919691521650215,11.0,29,0.19574034411386643,-0.7969450097487211,1.0,1.0,13,6,0.9342736017793591,1
0.8343753024271849,0.8501746943432221,31.982968370925633,-0.494594543077527,14.0,14,0.2967463707994012,-0.5600352181808133,1.0,1.0,7,4,0.8865946099679413,1
0.1274859802996413,0.06067150463828559,2.7064816765053523,0.029653558128765523,0.0,1,0.9947688025964471,0.6437308324486251,0.0,0.0,11,4,0.05297139661083677,0
0.02818484499495253,0.039224404509973235,1.1938857288415117,0.06675498992914705,0.0,0,0.927473152551952,0.749447832267971,0.0,0.0,13,0,0.048439118560084926,0
0.8608483727654392,0.9617141068294781,28.998154693941906,-0.3882642058893762,18.0,47,0.2215391806995216,-0.7295068822359582,1.0,1.0,7,3,0.864536741415564,1
0.1475793833391537,0.09198556164127605,1.6844789588555342,0.05303021332491584,0.0,0,0.9640476042175844,0.9330478168058458,0.0,0.0,11,3,0.04993029460143253,0
0.8649845588813283,0.8861716550764541,44.44381002570976,-0.24589400505636766,10.0,26,0.10759519351392131,-0.6958249767341607,1.0,1.0,18,3,0.8440132509569384,1
0.9509073831804922,0.9175253973230217,49.51205101027273,-0.3294809130386296,11.0,36,0.21651378184296222,-0.9820536244055338,1.0,1.0,20,4,0.9622461116802716,1
0.016967542817038384,0.0274055220687206,4.849560230536352,0.00585509292439792,0.0,1,0.9530937678412094,0.6538979158403728,0.0,0.0,12,0,0.0244161608716153,0
0.8224728963897971,0.8523502200268965,34.88128178049749,-0.49013201818380514,15.0,39,0.181364529479693,-0.6399491727304294,1.0,1.0,8,3,0.969045111632148,1
0.9983778391894984,0.815060286719694,33.7323145149864,-0.25122530649731634,9.0,25,0.24684556023721665,-0.94709982028793,1.0,1.0,3,6,0.9844997792605006,1
0.11667375301943193,0.038929561404197656,3.2892265230151803,0.038383295193304405,0.0,0,0.937173929490633,0.8469747952550783,0.0,0.0,9,3,0.033039147366561654,0
0.8942616549148242,0.8471993211818476,47.351835450248984,-0.2239315717582671,19.0,23,0.26718709800330154,-0.810896608063461,1.0,1.0,7,5,0.964092258031663,1
0.07497411590474082,0.03556727164649492,0.24106019430278014,0.058776936086219825,0.0,1,0.9299800527565236,0.55877565007511,0.0,0.0,10,1,0.04542783967898226,0
0.9679995521208686,0.9271821531419477,32.411180957300914,-0.20216120961476963,12.0,47,0.25506638597718323,-0.7183720780871583,1.0,1.0,10,2,0.8739997771919955,1
0.04529915503958759,0.05245113895702547,1.2990179053207989,0.08059254001176212,0.0,0,0.9458523008881891,0.5908069838783013,0.0,0.0,16,0,0.04925990052218141,0
0.17168255036860236,0.029314773026101328,2.1544376183090295,0.06159854502601791,0.0,1,0.9956799815484286,0.9476730445765846,0.0,0.0,9,1,0.03418472854980921,0
0.972499301480317,0.8806062622565474,43.23716249523095,-0.367336862329193,10.0,13,0.11957140054329002,-0.8038089495336393,1.0,1.0,11,5,0.8901073078134152,1
0.1616240759128834,0.008175903194887191,2.6848721144670677,0.03243337531153756,0.0,1,0.9486000493797603,0.7908111464945968,0.0,0.0,16,1,0.04343614981412178,0
0.9844383856102569,0.997160731890061,34.91687585059987,-0.378950726828498,5.0,17,0.27352832294404467,-0.6844829121439755,1.0,1.0,7,5,0.9129638325772792,1
0.033898549337218496,0.013927207266338726,3.4278264361448567,0.09758737549100538,0.0,1,0.9200474515528403,0.7858729915718743,0.0,0.0,14,3,0.03646706762343366,0
0.844920488014977,0.827673640177638,47.29231060138052,-0.29894795375149863,10.0,13,0.2527926392651236,-0.5810633649403186,1.0,1.0,8,6,0.8254362378433774,1
0.8028762471968306,0.9780881896002172,41.8243123398949,-0.27522075600270424,6.0,45,0.26688582398114846,-0.6558346188336616,1.0,1.0,9,1,0.9152811102907267,1
0.1818640804157564,0.06717006844058568,3.1294568821850453,0.025656278370136378,0.0,1,0.951657262844598,0.6297708915880451,0.0,0.0,14,4,0.056607164644816514,0
0.11973169683940732,0.08137950197069488,3.661124432047806,0.03412478276261564,0.0,0,0.9829286799316755,0.6725961042471053,0.0,0.0,16,3,0.04198486976863176,0
0.12984206042321272,0.060315210946638824,3.2561648852074603,0.04099048896962883,0.0,0,0.9517960527712579,0.8368227087374538,0.0,0.0,10,4,0.05248999867258383,0
0.19012142938751123,0.062414890784913406,1.348748057584948,0.09963343376272474,0.0,0,0.9215740679176454,0.6505230389171566,0.0,0.0,13,2,0.04411505522306324,0
0.16167946962329224,0.0944765729882428,3.4814438793906985,0.012188609333694755,0.0,0,0.9276814307791306,0.6209885651585227,0.0,0.0,13,2,0.031370651205206525,0
0.11538077692527182,0.06651972206962002,1.0655235201254165,0.05270414639116516,0.0,1,0.9944042093825398,0.8524355050216909,0.0,0.0,9,1,0.038404263839110046,0
0.1416145155592091,0.072571950838836,2.4471248182157024,0.07648832615421283,0.0,1,0.9434595960858712,0.5311016130823514,0.0,0.0,15,3,0.04422522765195591,0
0.10401360423556216,0.06715731955927996,0.1220039077826901,0.05502265421562618,0.0,1,0.9036721362500821,0.8111716323086231,0.0,0.0,16,3,0.019444764443168863,0
0.9276977569598271,0.8575759356139362,43.6728833494627,-0.20957546957501022,11.0,40,0.11425166652964558,-0.8602652793851757,1.0,1.0,0,1,0.9866226442337306,1
0.034658864014169156,0.03990027038701303,3.6579476087766594,0.07692231478381337,0.0,1,0.9281004498908714,0.9825076847272359,0.0,0.0,15,1,0.0317982551340335,0
0.9166255646905739,0.9527713000400428,29.19327009650729,-0.4450786499433582,16.0,38,0.22446332744971037,-0.6422818983617298,1.0,1.0,18,2,0.8152169453531015,1
0.005302262108324363,0.003654966784809488,4.503509320056293,0.07550419287462784,0.0,1,0.9046851908527603,0.8617239089250005,0.0,0.0,13,1,0.009859423024193648,0
0.965830128056828,0.937667682309313,38.65942370281623,-0.3926998564310757,6.0,37,0.29053457329981514,-0.6473466787320363,1.0,1.0,9,5,0.9041631172288165,1
0.12551161601681268,0.007513778173580877,0.028793302490607853,0.048296887208535526,0.0,1,0.9957789800988204,0.5288660796125586,0.0,0.0,12,4,0.03311464891641498,0
0.07492252292529425,0.05021950103312426,4.938247818680289,0.08869249002092695,0.0,1,0.9284274092927517,0.504159971113596,0.0,0.0,15,1,0.016253798746870784,0
0.9902793723958212,0.8751704930363959,22.866773118750057,-0.2572828416714653,10.0,42,0.11102192798813336,-0.6857279845605695,1.0,1.0,7,2,0.9705332306203441,1
0.8109023854875653,0.955873034067024,48.93464675071563,-0.26530075241306283,15.0,13,0.1596078664188902,-0.8343958488357393,1.0,1.0,12,1,0.9373904882770877,1
0.9114809928628375,0.9548838989212607,44.63427274161042,-0.2882930207425639,11.0,48,0.11654766069741432,-0.7198005230900286,1.0,1.0,0,5,0.9006136645264057,1
0.17341446371602076,0.012748866233198243,3.8992549444667493,0.08920846889402345,0.0,1,0.9299395588371682,0.8427219416109508,0.0,0.0,11,2,0.05510509532949324,0
0.19333096380873394,0.054355286111398865,0.16263089745625958,0.025981320874503423,0.0,0,0.9865577145624552,0.6548939296045496,0.0,0.0,13,2,0.032002731656239194,0
0.9398678932505287,0.9711102246871746,33.73889643468606,-0.36333017047261834,18.0,11,0.2548502295401342,-0.5530136657877853,1.0,1.0,22,6,0.8822821863520931,1
0.04442156209414605,0.08952068376871994,2.4793786753938543,0.03475715242389821,0.0,0,0.9857562337661284,0.9275151008099676,0.0,0.0,16,3,0.07809193563860906,0
0.8774902591845077,0.881577921701456,38.64556172102145,-0.2674715921099786,5.0,29,0.14491189385377928,-0.5776041310670443,1.0,1.0,14,5,0.8686088011586021,1
0.8634610954840973,0.9684213724967023,25.22470077186189,-0.41592321251246145,16.0,10,0.20113127148604387,-0.7582389663175142,1.0,1.0,3,4,0.971577837049248,1
0.9435865381880204,0.8914119318531553,21.85287158870599,-0.35130920615341577,16.0,31,0.2667148219291473,-0.6682489652973714,1.0,1.0,15,4,0.8661585982855311,1
0.8137297332295745,0.8019086706134454,28.986689588446918,-0.1899672798643523,17.0,23,0.20542967632505293,-0.6832679403821137,1.0,1.0,20,1,0.8402345934227802,1
0.14124844543129925,0.011775108289014114,1.0092672606147417,0.04982556822634537,0.0,1,0.9492864584447447,0.9142777989530406,0.0,0.0,14,2,0.014296087760075217,0
0.03668090197068676,0.0026366974497252006,4.626241587078329,0.0007562874978142121,0.0,1,0.9631307553091989,0.9789670605283852,0.0,0.0,13,1,0.005239129559486123,0
0.1257885693559768,0.0019710537754364156,4.847061611676438,0.06362913539792481,0.0,0,0.900436326965031,0.9663552540663807,0.0,0.0,13,4,0.03230997016663373,0
0.19810102840013466,0.07222669318556592,1.1802523167323198,0.009917809958721591,0.0,1,0.9298052208639443,0.685556469215064,0.0,0.0,12,1,0.09956378335948084,0
0.014910128735954166,0.09041586944937485,1.7731107882038826,0.06238593246765731,0.0,1,0.9421828178538831,0.5045192345396461,0.0,0.0,11,2,0.05527623680335832,0
0.9428828202940995,0.8281094255991086,29.123715484041085,-0.41738623841119743,19.0,15,0.187701603339794,-0.8417009697947155,1.0,1.0,15,3,0.9013540081435576,1
0.03697089110510541,0.07723183917356394,0.10634705425193569,0.06331513755940224,0.0,1,0.9338860649338752,0.5950538248918638,0.0,0.0,13,1,0.04104957940605546,0
0.9123727579619038,0.859084407262753,42.39259490029547,-0.24823051555315978,10.0,19,0.2539284327767309,-0.7389367532839115,1.0,1.0,21,3,0.881432859693425,1
0.9255490829794673,0.9834441183649726,28.34802982456309,-0.1016025403597201,16.0,35,0.2180254811853084,-0.8085313088541914,1.0,1.0,15,3,0.8991434020156551,1
0.05004857963291907,0.03351972416459009,0.301760419952819,0.038193963965289596,0.0,0,0.9929228053631853,0.8380131440262737,0.0,0.0,16,3,0.03456249935764016,0
0.19097305613263882,0.05373956029379229,4.879326279095657,0.06439042535411307,0.0,1,0.9226028997816,0.7988341413513516,0.0,0.0,12,0,0.00611046676196323,0
0.9024429415354104,0.8674533792108453,35.426810337979326,-0.4158161311293863,17.0,18,0.15103644575484615,-0.5358321139971891,1.0,1.0,11,3,0.9148587079417148,1
0.9091847066618001,0.8402927842107066,33.384477693715084,-0.48478032867596366,13.0,28,0.1895907394362371,-0.5797998342553298,1.0,1.0,15,5,0.9825168435849646,1
0.9043768656315887,0.8125013883020822,42.80984664212413,-0.2031910192480959,8.0,13,0.29923273863405264,-0.8437281738816389,1.0,1.0,23,0,0.8782184488296442,1
0.8435425025956304,0.9339508902436495,40.682514016139734,-0.21008521001664554,6.0,35,0.1747080592628591,-0.6647297467469546,1.0,1.0,12,0,0.8176012055022905,1
0.1721461166512687,0.07474709381337566,2.0422660653534934,0.05358276844730813,0.0,0,0.9788985159920793,0.6023400545286419,0.0,0.0,14,0,0.047095005877251454,0
0.10786844838313014,0.07482596903836584,0.6475746064140209,0.07306505102392462,0.0,1,0.9729173487549448,0.6765251958001512,0.0,0.0,12,2,0.0023532494414098774,0
0.14920897585308465,0.024534910968132095,0.5329651515399536,0.08398022856356173,0.0,1,0.9348095593168289,0.5896266278696404,0.0,0.0,13,3,0.04511931914507237,0
0.9790113207999667,0.9280761493288482,48.418999982602,-0.3737786102227556,12.0,12,0.24334371715352837,-0.6692760916934495,1.0,1.0,8,3,0.8407434786555333,1
0.8463198049527798,0.9162430954978766,34.604846358237104,-0.13250107807829936,11.0,35,0.2207488577126513,-0.6445060292681586,1.0,1.0,22,1,0.8227890538889088,1
0.03636499344142013,0.004521867010618941,3.5278758625784423,0.01957779856835461,0.0,0,0.9607089578718754,0.5671374254511378,0.0,0.0,15,0,0.08049637303992546,0
0.9586126056741312,0.8900553620883181,38.067689071317716,-0.20803059228567156,8.0,22,0.1528025692143786,-0.7594059242624487,1.0,1.0,19,4,0.9563046259066135,1
0.14243584426950717,0.034886826654299534,3.468411128907443,0.00581637955054758,0.0,0,0.9620660479824584,0.9282686118739634,0.0,0.0,12,2,0.049897111691376596,0
0.0036443651303099457,0.02707446731435538,0.9048847635474488,0.02135113663106719,0.0,1,0.9891872144810735,0.6237798851399432,0.0,0.0,9,2,0.03191234898204626,0
0.1802316020981978,0.04954913162061985,1.8323076743569895,0.008060151375712466,0.0,0,0.9785189543148408,0.617101685463167,0.0,0.0,15,0,0.041367867898526034,0
0.1150948355751758,0.006570863942835237,2.961751642966811,0.07284906771616133,0.0,0,0.9062689621621866,0.8066458424436895,0.0,0.0,11,3,0.02954679246267593,0
0.8803586270218849,0.8418074074771845,22.322346559542517,-0.23373979974961606,17.0,11,0.18047871296288603,-0.577798828404734,1.0,1.0,4,6,0.9727154006278291,1
0.9143578631871961,0.9226303822206036,20.377892038153608,-0.4137560939027821,6.0,28,0.24020225341900814,-0.5191843716873465,1.0,1.0,1,1,0.8502860304374927,1
0.9616789764608046,0.8385741137379229,27.554202981526444,-0.19417269449622787,7.0,45,0.12018953632720814,-0.743697473489206,1.0,1.0,18,3,0.8081018345882645,1
0.848760387542036,0.804417169060236,24.111584084844665,-0.39058318839922523,13.0,19,0.250467035595577,-0.7115583625115272,1.0,1.0,3,2,0.9797277856602207,1
0.13837903953853867,0.05956387406078443,2.2569351216483775,0.006134962711066816,0.0,1,0.9880314762148927,0.6726709761224439,0.0,0.0,10,2,0.08134344823242641,0
0.09444298503238986,0.015190269351229435,1.1583585069172169,0.07175977656581763,0.0,1,0.9418947790187475,0.6858620332011716,0.0,0.0,15,3,0.011113714733201241,0
0.1266807513020847,0.08735786241067772,2.9646996742085157,0.03330019130581979,0.0,1,0.9577199886734551,0.718307094884383,0.0,0.0,11,4,0.044644192179654874,0
0.8818170297269753,0.9924204208330055,26.972121386432395,-0.2831891721334481,5.0,35,0.19837356438344134,-0.9538654977186186,1.0,1.0,13,4,0.9709234926303671,1
0.028598336410567173,0.013935607407282414,2.2736992781692953,0.057998378742813134,0.0,0,0.9267592676727971,0.5552159317055514,0.0,0.0,12,2,0.08248537674871037,0
0.9257132801294566,0.9765230915034492,30.301333687237175,-0.3212865293967154,13.0,27,0.14504798046704925,-0.7976774857799503,1.0,1.0,18,3,0.896254790365521,1
0.9651881838223837,0.9690024474311552,33.058781725629025,-0.41637674848765355,6.0,13,0.13718672817487693,-0.9717582879982589,1.0,1.0,18,6,0.9022935080085235,1
0.05795029058275361,0.003931213984109894,4.079165624953089,0.08800790875614584,0.0,1,0.9011706610730904,0.9333851772530002,0.0,0.0,14,3,0.06379018745529616,0
0.1938605071238198,0.04963662472012364,3.9890682442931724,0.08727302504846018,0.0,0,0.9246603634978025,0.5526727422406665,0.0,0.0,16,3,0.009114063944467754,0
0.14039337545154068,0.07200365365460744,0.7124777145075661,0.02546706220460512,0.0,0,0.9008863285113469,0.8357395743336035,0.0,0.0,10,2,0.06519008655624607,0
0.8275259468796723,0.9724979243796602,49.945997229968526,-0.2581703558967031,15.0,43,0.1207025894012262,-0.9277101448802076,1.0,1.0,20,1,0.8089762032945437,1
0.9069933346818888,0.8060831761615936,26.532461145020658,-0.23075546075018855,15.0,23,0.1665468307967711,-0.5944563768998707,1.0,1.0,2,6,0.8632584697451249,1
0.9224017059918911,0.801755442389586,32.959681143903225,-0.4361840173246306,8.0,49,0.1415687442839298,-0.721633846120391,1.0,1.0,7,1,0.9702968898627988,1
0.12701873017352877,0.008534966807864386,1.7296749627348147,0.012150137630091807,0.0,0,0.9271409380446715,0.9885034772194717,0.0,0.0,16,3,0.08681692953265041,0
0.991439392703847,0.8928407897904254,35.27406238764797,-0.24676594940150465,11.0,27,0.19720883969693082,-0.5761798352453724,1.0,1.0,9,5,0.9181507442706129,1
0.8519206567416957,0.9848619134105117,30.07047201928525,-0.4938757653492378,19.0,41,0.12114012077586014,-0.8511229231638778,1.0,1.0,12,0,0.9449820543672169,1
0.8699708768361709,0.8107563928354756,33.32551843764513,-0.11402855939926959,10.0,27,0.13446984282899266,-0.943663236682605,1.0,1.0,21,5,0.9046316299635283,1
0.0153959819657586,0.06903948286293653,0.7694795316992753,0.05400119146045106,0.0,0,0.9142137123793458,0.5876108860529137,0.0,0.0,11,2,0.05070824240602667,0
0.8001858833739922,0.8631994282250455,22.248801304100393,-0.28889517386542096,13.0,22,0.12148286508724437,-0.6523707996222832,1.0,1.0,23,6,0.9840227626645257,1
0.04752750879847994,0.06459172413316012,4.35921763872616,0.039698151707428346,0.0,1,0.9988035966155592,0.6520993598181404,0.0,0.0,13,4,0.070138328555969,0
0.836491608130498,0.9962363117587685,43.52813897920151,-0.46935103920311894,17.0,11,0.13291562894270056,-0.6365110402357845,1.0,1.0,15,1,0.8267949733499563,1
0.037624231944752264,0.05902306668690871,0.3659796188422182,0.013535408227768553,0.0,1,0.9140802948892677,0.8482149035180536,0.0,0.0,11,3,0.09631590270650665,0
0.06400992020612235,0.042142455059249795,3.3190226381090255,0.07457337827312321,0.0,1,0.9767567628517918,0.7212727574073727,0.0,0.0,15,4,0.011645893048171253,0
0.190012393410161,0.026806364082287627,0.5595980969886394,0.08766507618282006,0.0,1,0.9880156737921485,0.5109566643875045,0.0,0.0,12,2,0.01968878717756836,0
0.04485386189211196,0.041184091414726856,3.974047743749647,0.04598004237693202,0.0,0,0.9569377361182283,0.9892627341945703,0.0,0.0,10,0,0.046066982983348916,0
0.8086630546508624,0.9401731398250858,35.944377388454626,-0.2602565651456789,16.0,33,0.24725078959209243,-0.7214965968434357,1.0,1.0,17,5,0.9112472788051545,1
0.19312640661491187,0.07689874151805105,0.3847660081460458,0.04135491015253515,0.0,0,0.9140024097553318,0.9268924608523335,0.0,0.0,15,3,0.07816154791963992,0
0.09469435415611314,0.06635373720167106,2.3131147836965815,0.0432076882944196,0.0,1,0.980395850755252,0.9787905075419087,0.0,0.0,16,0,0.019763922059113016,0
0.16648852816008436,0.09327284833540134,4.720296698433066,0.09555236959549347,0.0,1,0.9892523289954847,0.8154608951145816,0.0,0.0,10,3,0.0690405721911072,0
0.896570254882021,0.9890743299229556,24.13202296663426,-0.3064600119867107,8.0,10,0.22219189988645094,-0.8693774337732088,1.0,1.0,13,3,0.9744212127493163,1
0.9259256689877186,0.8241493271793361,21.442369054593506,-0.3003565367569574,6.0,20,0.1376770018669746,-0.5931921370096404,1.0,1.0,6,1,0.932304864829235,1
0.14449042305230106,0.08772005408131084,1.8426317186188057,0.08866042152404668,0.0,1,0.9980987378162685,0.9835176376280731,0.0,0.0,16,3,0.022572772383912743,0
0.15965903579335505,0.02292513952326415,1.2102250793126372,0.06881347060865421,0.0,0,0.9210704963867203,0.9722242913471517,0.0,0.0,16,2,0.027784516320656552,0
0.9272136840704451,0.850178063306821,44.50670868512505,-0.31495587869720865,6.0,32,0.19602156559045725,-0.9767831722585938,1.0,1.0,0,6,0.917024332185425,1
0.05637095495467999,0.022197216193294945,2.9647542571746373,0.05650219928590161,0.0,0,0.9387648805455647,0.9192459169215124,0.0,0.0,10,4,0.030697228220901818,0
0.9987567950756344,0.8094116758920038,22.5188769034018,-0.1029497806188519,10.0,40,0.2911278923446843,-0.9274472133017748,1.0,1.0,20,6,0.9526570380406318,1
0.8441017574273296,0.851742189483127,44.40826440102067,-0.33422638121266746,12.0,46,0.26262999767276285,-0.580514451662966,1.0,1.0,16,4,0.9778261071409717,1
0.9691307044554685,0.8583386901443173,44.549234530259085,-0.2737031895716394,6.0,46,0.2029339048103655,-0.5077790232083159,1.0,1.0,9,4,0.9050720963638996,1
0.06752303428072559,0.05321134852653157,1.1009160097490567,0.07954499607897292,0.0,1,0.9430985220513296,0.5355791425867165,0.0,0.0,9,4,0.06024698307034551,0
0.0988840609405163,0.07998552559473153,0.7417160048104443,0.03554930104413574,0.0,1,0.9199215274894054,0.5802313071356132,0.0,0.0,9,0,0.08662924359821814,0
0.8617604550699232,0.8272740654935132,33.345180780215884,-0.42333147246789027,9.0,32,0.15301783375040723,-0.8676752475006193,1.0,1.0,21,5,0.9440832138184686,1
0.19397576534152783,0.09368297393247581,3.6922460462566327,0.08316970436757735,0.0,1,0.9783198413298626,0.5806814005276919,0.0,0.0,12,3,0.06805581617791015,0
0.9649613895959661,0.9703691851677776,49.46768182809845,-0.29859459548080136,15.0,21,0.24967216668572392,-0.8639987131345052,1.0,1.0,18,4,0.8994307631765743,1
0.9365305210088398,0.9389836759563015,31.897717231589894,-0.2202461036050531,14.0,26,0.2855349082999038,-0.5737847912154406,1.0,1.0,14,4,0.9054141877026917,1
0.03487328580099829,0.09823786169086064,2.6999268985792773,0.03046791390980408,0.0,0,0.990008318301648,0.950970098374575,0.0,0.0,15,1,0.0805525913576057,0
0.8733922814014401,0.8765766294568367,30.146929019518545,-0.21089252959568172,11.0,34,0.21997715761055492,-0.5970711473329691,1.0,1.0,15,6,0.8189768460295149,1
0.04841105430230008,0.012758030279556376,3.763583197788206,0.09369578230310628,0.0,1,0.9605779249452691,0.5273172100004861,0.0,0.0,12,0,0.06504252488238643,0
0.012711670057204728,0.03287516102875082,4.395591537810823,0.04967668588591694,0.0,0,0.9686589913492607,0.6444424694545828,0.0,0.0,14,3,0.0246519905637983,0
0.146398788362281,0.030952761628632777,4.364729179382041,0.002564206580643569,0.0,0,0.9669200262938078,0.6299524896214164,0.0,0.0,13,2,0.08871193172236985,0
0.114012234017873,0.08938925830509577,0.32104468537567044,0.010973619867750351,0.0,0,0.9846968854207061,0.8370099595293963,0.0,0.0,13,2,0.057264285311558465,0
0.12865764368847063,0.04532888347480277,1.053310945028333,0.06561618376810716,0.0,0,0.9003819922658584,0.6210110399904386,0.0,0.0,12,3,0.06783918855030131,0
0.18107639528385275,0.02594234334312925,2.9267718219837606,0.032693161633807914,0.0,1,0.9211994054698658,0.9123716186735038,0.0,0.0,15,3,0.07521286995435712,0
0.9488057160695353,0.9015897383812816,25.165924382708994,-0.3437225851596205,7.0,18,0.16972049388856913,-0.7590982787305294,1.0,1.0,8,0,0.8969984569155,1
0.8615748250548735,0.9888417676692215,30.299029075872227,-0.13073040455229407,8.0,18,0.1883698068955465,-0.7923931216578346,1.0,1.0,2,1,0.8606906432899213,1
0.18615146512071296,0.020498429541582097,4.144416829413047,0.07330712960296748,0.0,0,0.9360050465900979,0.6842244599582894,0.0,0.0,14,4,0.061793155984629804,0
0.11136025249167003,0.0794025189270296,2.1515294744973135,0.08015371118829896,0.0,1,0.9109264210309621,0.9164151883941356,0.0,0.0,16,1,0.07385058785105188,0
0.8121803866198987,0.9578045689096268,33.652269065611534,-0.25107880837038954,13.0,18,0.2729082683164167,-0.5790873178173688,1.0,1.0,21,0,0.8807097241627377,1
0.004116898859160489,0.06134151959357899,1.1060472090980111,0.08129857387160935,0.0,1,0.9773879655730157,0.5736515221394851,0.0,0.0,16,3,0.07972110725787629,0
0.9347093156262782,0.9481738536770435,38.410495631862304,-0.22728580088461814,17.0,26,0.14683981195761803,-0.7953054344082908,1.0,1.0,15,5,0.8953135887160037,1
0.9377621007179975,0.9634382101453283,31.487090421117372,-0.4759565775686417,5.0,27,0.25678571769056,-0.6385282878052765,1.0,1.0,13,6,0.8269571569834877,1
0.993041927709147,0.8932506563055671,48.40640589023071,-0.23438678675547298,18.0,46,0.25073610310859806,-0.7100828808594548,1.0,1.0,7,0,0.9343023614562075,1
0.8195015384927751,0.8343825115454209,41.62175336080037,-0.16513521432198974,14.0,27,0.10594725225892053,-0.5381284343666757,1.0,1.0,21,3,0.9257442774051164,1
0.9848145977691366,0.8543328382727311,25.988864229797528,-0.13759237158225468,14.0,33,0.19876983914162005,-0.5784815265361484,1.0,1.0,11,1,0.8822094387112116,1
0.9754904253206338,0.9727282104834313,45.712908188297476,-0.4537577557553951,9.0,31,0.20088494921268737,-0.7606775647247376,1.0,1.0,9,3,0.9692238371110223,1
0.9293674457852762,0.8383910877991452,33.222171232527906,-0.4890117749948061,13.0,16,0.2306374378315625,-0.5720885464380482,1.0,1.0,16,6,0.8787438339306075,1
0.9461759246644416,0.9361344746451474,43.33152467217652,-0.12364949300211642,11.0,42,0.11648665440379816,-0.6594749441347774,1.0,1.0,10,6,0.8419785684609995,1
0.06984191492253218,0.06106200424416326,4.357684030761881,0.006817230938549357,0.0,1,0.9302333249351494,0.5512579820332373,0.0,0.0,16,3,0.08375308340760557,0
0.01411374948008597,0.020513964048200717,2.4333447071235144,0.09189265336395545,0.0,0,0.9000134693004486,0.6293558210777205,0.0,0.0,16,1,0.0041964073443634285,0
0.17805275677818327,0.08191023176741997,2.2434681131126535,0.07295082286523967,0.0,0,0.9075605040616751,0.778439221586048,0.0,0.0,11,2,0.09885399870457068,0
0.8127369535005033,0.9503541575365957,41.82357173858361,-0.14793810683589642,15.0,15,0.12091257295086831,-0.8558520977228719,1.0,1.0,9,4,0.8965788873197198,1
0.17754083655165998,0.05416342146608669,4.759058927116195,0.048097288988612374,0.0,1,0.905809195208035,0.9408453059217541,0.0,0.0,9,1,0.04783354816705559,0
0.8531995386185316,0.962629531033597,24.006026994822484,-0.35540514007127516,8.0,42,0.22718791534828672,-0.9500073762581116,1.0,1.0,18,2,0.9887130434313953,1
0.9425331237973089,0.8375008914237961,41.0343265989996,-0.4575017166121758,12.0,44,0.15444810850120894,-0.9702599184458052,1.0,1.0,3,2,0.8737124938055428,1
0.03730370207997085,0.016068137325955568,2.537338668804181,0.09305952146439163,0.0,1,0.9038996012574911,0.9242126895452624,0.0,0.0,15,2,0.08067575637891261,0
0.8534150014912665,0.9678906468419102,46.27055382758318,-0.36362087934295606,12.0,11,0.1385968015878057,-0.7635871875518487,1.0,1.0,13,2,0.9094255285137801,1
0.8369840594934289,0.8913461185771681,49.39410606142815,-0.1784560455004709,6.0,24,0.14322519966975245,-0.6359083214057588,1.0,1.0,5,1,0.9008761408597534,1
0.006100049987809886,0.015335140311608021,1.9846163810079802,0.015016900081704166,0.0,0,0.9658540515670055,0.5896823410061052,0.0,0.0,16,0,0.06529496581378423,0
0.9988163309291151,0.8212251170981991,32.966931785135245,-0.23106069294285408,10.0,10,0.1622073334520674,-0.6807281362990433,1.0,1.0,9,0,0.8202056492982518,1
0.9414030588545181,0.8771107128802628,49.084726982185344,-0.266241631364217,13.0,19,0.28301666667161496,-0.652586210335937,1.0,1.0,3,4,0.9168449577663437,1
0.01126065513636747,0.01662833687560794,1.0783757619885859,0.06361773647082328,0.0,0,0.9017552363366629,0.7196053006248586,0.0,0.0,14,4,0.07778112444584508,0
0.10852892694151534,0.04008514167636399,1.7531346560459038,0.06139335847600618,0.0,0,0.9142850287300839,0.9901843704710925,0.0,0.0,15,3,0.027178651608012916,0
